"Original Url","Address","Content Type","Status Code","Status","Indexability","Indexability Status","Title 1","Title 1 Length","Title 1 Pixel Width","Meta Description 1","Meta Description 1 Length","Meta Description 1 Pixel Width","Meta Keywords 1","Meta Keywords 1 Length","H1-1","H1-1 Length","H2-1","H2-1 Length","H2-2","H2-2 Length","Meta Robots 1","X-Robots-Tag 1","Meta Refresh 1","Canonical Link Element 1","rel=""next"" 1","rel=""prev"" 1","HTTP rel=""next"" 1","HTTP rel=""prev"" 1","amphtml Link Element","Size (Bytes)","Transferred (Bytes)","Total Transferred (Bytes)","CO2 (mg)","Carbon Rating","Word Count","Sentence Count","Average Words Per Sentence","Flesch Reading Ease Score","Readability","Text Ratio","Crawl Depth","Folder Depth","Link Score","Inlinks","Unique Inlinks","Unique JS Inlinks","% of Total","Outlinks","Unique Outlinks","Unique JS Outlinks","External Outlinks","Unique External Outlinks","Unique External JS Outlinks","Closest Near Duplicate Match","No. Near Duplicates","Spelling Errors","Grammar Errors","Hash","Response Time","Last Modified","Redirect URL","Redirect Type","Cookies","Language","HTTP Version","Mobile Alternate Link","Closest Semantically Similar Address","Semantic Similarity Score","No. Semantically Similar","Semantic Relevance Score","URL Encoded Address","Crawl Timestamp"
"https://staging.experienceecuador.com/","https://staging.experienceecuador.com/","text/html; charset=utf-8","200","OK","Non-Indexable","Canonicalised,noindex","Ecuador Travel Guide | Regions, Routes & Experiences","52","477","Explore Ecuador by region, experience, and travel style with guides, itineraries, and practical planning tools.","111","656","","0","Ecuador Travel Guide","20","A Smarter Way to Plan Ecuador","29","Explore Ecuador by Region","25","index,follow","noindex, nofollow, noarchive, nosnippet","","https://experienceecuador.com/","","","","","","49305","10960","10960","1.624","","1287","218","5.904","48.405","Hard","17.781","0","0","","5","5","0","2.350","48","26","0","0","0","0","","","","","5414dcc3109fefabfc7ddd9d41ca1ed6","0.175","","","","","en","1.1","","","","","","https://staging.experienceecuador.com/","2026-10-02 09:27:23"
"https://staging.experienceecuador.com/about/","https://staging.experienceecuador.com/about/","text/html; charset=utf-8","200","OK","Non-Indexable","Canonicalised,noindex","About Experience Ecuador | Smarter Ecuador Trip Planning","56","521","Learn how Experience Ecuador helps travelers plan better routes, compare regions, and build stronger Ecuador itineraries.","121","749","","0","About Experience Ecuador","24","What We Are Building","20","Explore Ecuador by region","25","index,follow","noindex, nofollow, noarchive, nosnippet","","https://experienceecuador.com/about/","","","","","","11832","3560","3560","0.528","","255","44","5.795","56.635","Fairly Hard","14.125","0","1","","0","0","0","0.000","5","5","0","0","0","0","","","","","a9dcbc50f604cfd783fe4944b972c882","0.034","","","","","en","1.1","","","","","","https://staging.experienceecuador.com/about/","2026-10-02 09:27:23"
"https://staging.experienceecuador.com/mission/","https://staging.experienceecuador.com/mission/","text/html; charset=utf-8","200","OK","Non-Indexable","Canonicalised,noindex","Our Mission | Experience Ecuador","32","296","See the mission behind Experience Ecuador and how the platform is built to help travelers plan smarter trips across Ecuador.","124","765","","0","Our Mission","11","What We Stand For","17","Explore by region","17","index,follow","noindex, nofollow, noarchive, nosnippet","","https://experienceecuador.com/mission/","","","","","","11774","3478","3478","0.515","","238","41","5.805","61.246","Normal","12.819","0","1","","0","0","0","0.000","5","5","0","0","0","0","","","","","725aa65c3d457527271de069849b44f4","0.095","","","","","en","1.1","","","","","","https://staging.experienceecuador.com/mission/","2026-10-02 09:27:20"
"https://staging.experienceecuador.com/regions/","https://staging.experienceecuador.com/regions/","text/html; charset=utf-8","200","OK","Non-Indexable","Canonicalised,noindex","Ecuador Regions Guide | Galapagos, Coast, Andes & Amazon","56","537","Compare Ecuador's Galapagos, Coast, Andes, and Amazon regions to choose destinations, match experiences, and plan a realistic trip route.","137","866","","0","Explore Ecuador by Region","25","Which Ecuador region should you choose?","39","Compare Ecuador's regions at a glance","37","index,follow","noindex, nofollow, noarchive, nosnippet","","https://experienceecuador.com/regions/","","","","","","49980","9947","9947","1.474","","1908","308","6.195","53.960","Fairly Hard","25.437","0","1","","35","12","0","5.630","58","37","0","0","0","0","","","","","f150d6005d6e3787972916f1ef18080e","0.150","","","","","en","1.1","","","","","","https://staging.experienceecuador.com/regions/","2026-10-02 09:27:19"
"https://staging.experienceecuador.com/regions/galapagos/","https://staging.experienceecuador.com/regions/galapagos/","text/html; charset=utf-8","200","OK","Non-Indexable","Canonicalised,noindex","Galápagos Guide | Islands, Wildlife & Routes","44","390","Explore the Galápagos with island guidance, wildlife highlights, itinerary ideas, and practical planning tips.","110","650","","0","Galápagos Travel Guide","22","Why the Galápagos Region Feels Different","40","Key Highlights of the Galápagos Region","38","index,follow","noindex, nofollow, noarchive, nosnippet","","https://experienceecuador.com/regions/galapagos/","","","","","","31955","7446","7446","1.103","","1287","204","6.309","54.896","Fairly Hard","26.798","0","2","","37","18","0","8.450","32","20","0","0","0","0","","","","","66e060932f3da6f9edb05a19d7f164df","0.171","","","","","en","1.1","","","","","","https://staging.experienceecuador.com/regions/galapagos/","2026-10-02 09:27:19"
"https://staging.experienceecuador.com/regions/galapagos/santa-cruz-island/","https://staging.experienceecuador.com/regions/galapagos/santa-cruz-island/","text/html; charset=utf-8","200","OK","Non-Indexable","Canonicalised,noindex","Santa Cruz Galápagos | Puerto Ayora, Wildlife & Beaches","55","503","Plan Santa Cruz with Puerto Ayora, Tortuga Bay, highland wildlife, day trips and a practical three-to-five-day Galápagos base.","126","772","","0","Santa Cruz Island","17","Santa Cruz Island at a Glance","29","Why Santa Cruz Island Works So Well","35","index,follow","noindex, nofollow, noarchive, nosnippet","","https://experienceecuador.com/regions/galapagos/santa-cruz-island/","","","","","","34864","7444","7444","1.103","","1480","215","6.884","69.804","Normal","25.936","0","3","","14","10","0","4.690","31","16","0","0","0","0","","","","","ec559392e97b57dc9b116f5393453376","0.105","","","","","en","1.1","","","","","","https://staging.experienceecuador.com/regions/galapagos/santa-cruz-island/","2026-10-02 09:27:18"
"https://staging.experienceecuador.com/regions/galapagos/san-cristobal-island/","https://staging.experienceecuador.com/regions/galapagos/san-cristobal-island/","text/html; charset=utf-8","200","OK","Non-Indexable","Canonicalised,noindex","San Cristóbal Galápagos | Sea Lions & Kicker Rock","49","447","Plan San Cristóbal with sea lions, beaches, Kicker Rock trips and a quieter three-to-four-day Galápagos island base.","116","709","","0","San Cristóbal Island","20","San Cristóbal Island at a Glance","32","Why San Cristóbal Island Works So Well","38","index,follow","noindex, nofollow, noarchive, nosnippet","","https://experienceecuador.com/regions/galapagos/san-cristobal-island/","","","","","","36506","7600","7600","1.126","","1459","214","6.818","70.609","Fairly Easy","24.742","0","3","","10","8","0","3.760","30","16","0","0","0","0","","","","","c9220c1c03f46d6146a2b1e4b1bbb79b","0.124","","","","","en","1.1","","","","","","https://staging.experienceecuador.com/regions/galapagos/san-cristobal-island/","2026-10-02 09:27:18"
"https://staging.experienceecuador.com/regions/galapagos/isabela-island/","https://staging.experienceecuador.com/regions/galapagos/isabela-island/","text/html; charset=utf-8","200","OK","Non-Indexable","Canonicalised,noindex","Isabela Galápagos | Volcanoes, Wildlife & Beaches","49","446","Plan Isabela with volcano hikes, lava tunnels, coastal wildlife, beaches and a slower three-to-five-day Galápagos stay.","119","722","","0","Isabela Island","14","Isabela Island at a Glance","26","Why Isabela Island Works So Well","32","index,follow","noindex, nofollow, noarchive, nosnippet","","https://experienceecuador.com/regions/galapagos/isabela-island/","","","","","","36133","7665","7665","1.136","","1427","215","6.637","61.549","Normal","24.617","0","3","","10","8","0","3.760","30","16","0","0","0","0","","","","","15eb4724cc6d334c7f07430abbcba015","0.043","","","","","en","1.1","","","","","","https://staging.experienceecuador.com/regions/galapagos/isabela-island/","2026-10-02 09:27:19"
"https://staging.experienceecuador.com/regions/galapagos/floreana-island/","https://staging.experienceecuador.com/regions/galapagos/floreana-island/","text/html; charset=utf-8","200","OK","Non-Indexable","Canonicalised,noindex","Floreana Galápagos | History, Wildlife & Quiet Routes","53","469","Plan Floreana with Post Office Bay, island history, wildlife and a quieter route that adds depth to a Galápagos itinerary.","122","731","","0","Floreana Island","15","Floreana Island at a Glance","27","Why Floreana Island Works So Well","33","index,follow","noindex, nofollow, noarchive, nosnippet","","https://experienceecuador.com/regions/galapagos/floreana-island/","","","","","","36021","7388","7388","1.095","","1391","206","6.752","68.672","Normal","23.382","0","3","","7","6","0","2.820","29","14","0","0","0","0","","","","","ac03665ee0c8a17e077f5a615250a723","0.062","","","","","en","1.1","","","","","","https://staging.experienceecuador.com/regions/galapagos/floreana-island/","2026-10-02 09:27:19"
"https://staging.experienceecuador.com/regions/coast/","https://staging.experienceecuador.com/regions/coast/","text/html; charset=utf-8","200","OK","Non-Indexable","Canonicalised,noindex","Ecuador Coast Guide | Beaches, Wildlife & Routes","48","437","Explore Ecuador’s Coast with beach towns, city gateways, seafood stops, and practical coastal itinerary ideas.","110","681","","0","Ecuador Coast Travel Guide","26","Why Ecuador's Coast Feels Different","35","Key Highlights of the Coast Region","34","index,follow","noindex, nofollow, noarchive, nosnippet","","https://experienceecuador.com/regions/coast/","","","","","","37071","8012","8012","1.187","","1367","213","6.418","64.973","Normal","23.386","0","2","","45","20","0","9.390","32","18","0","0","0","0","","","","","725ef55cd812aa2047a6d6e2a504b9a7","0.148","","","","","en","1.1","","","","","","https://staging.experienceecuador.com/regions/coast/","2026-10-02 09:27:19"
"https://staging.experienceecuador.com/regions/coast/guayaquil/","https://staging.experienceecuador.com/regions/coast/guayaquil/","text/html; charset=utf-8","200","OK","Non-Indexable","Canonicalised,noindex","Guayaquil Ecuador | Food, Malecón & Coast Gateway","49","466","Plan Guayaquil with Malecón 2000, Las Peñas, local food, airport logistics and an easy one-to-two-night Coast gateway.","118","741","","0","Guayaquil","9","Guayaquil at a Glance","21","Why Guayaquil Works So Well","27","index,follow","noindex, nofollow, noarchive, nosnippet","","https://experienceecuador.com/regions/coast/guayaquil/","","","","","","34935","7465","7465","1.106","","1396","210","6.648","71.370","Fairly Easy","24.487","0","3","","13","9","0","4.230","29","16","0","0","0","0","","","","","3f36e28245a8ddc3585ca263ad6740eb","0.111","","","","","en","1.1","","","","","","https://staging.experienceecuador.com/regions/coast/guayaquil/","2026-10-02 09:27:19"
"https://staging.experienceecuador.com/regions/coast/salinas/","https://staging.experienceecuador.com/regions/coast/salinas/","text/html; charset=utf-8","200","OK","Non-Indexable","Canonicalised,noindex","Salinas Ecuador | Beaches, Malecón & Santa Elena","48","446","Plan Salinas with beaches, the malecón, Santa Elena Peninsula day trips and a relaxed two-to-three-night coastal stay.","118","729","","0","Salinas","7","Salinas at a Glance","19","Why Salinas Works So Well","25","index,follow","noindex, nofollow, noarchive, nosnippet","","https://experienceecuador.com/regions/coast/salinas/","","","","","","34096","7439","7439","1.102","","1383","210","6.586","64.595","Normal","25.075","0","3","","13","8","0","3.760","28","15","0","0","0","0","","","","","cebc3e382e1572dac0e7773d18a37f2b","0.042","","","","","en","1.1","","","","","","https://staging.experienceecuador.com/regions/coast/salinas/","2026-10-02 09:27:19"
"https://staging.experienceecuador.com/regions/coast/montanita/","https://staging.experienceecuador.com/regions/coast/montanita/","text/html; charset=utf-8","200","OK","Non-Indexable","Canonicalised,noindex","Montañita Ecuador | Surf, Beaches & Nightlife","45","403","Plan Montañita with surf, beaches, sunsets, nightlife and a flexible two-to-four-night stop on Ecuador’s Coast.","111","676","","0","Montañita","9","Montañita at a Glance","21","Why Montañita Works So Well","27","index,follow","noindex, nofollow, noarchive, nosnippet","","https://experienceecuador.com/regions/coast/montanita/","","","","","","34187","7486","7486","1.109","","1401","209","6.703","67.606","Normal","25.006","0","3","","13","9","0","4.230","29","14","0","0","0","0","","","","","2bbd113be4f9a17bea8d452afa85d33d","0.218","","","","","en","1.1","","","","","","https://staging.experienceecuador.com/regions/coast/montanita/","2026-10-02 09:27:19"
"https://staging.experienceecuador.com/regions/coast/puerto-lopez/","https://staging.experienceecuador.com/regions/coast/puerto-lopez/","text/html; charset=utf-8","200","OK","Non-Indexable","Canonicalised,noindex","Puerto López Ecuador | Wildlife, Beaches & Boat Trips","53","476","Plan Puerto López with Isla de la Plata, boat trips, wildlife, nearby beaches and a nature-led two-to-three-night stay.","119","710","","0","Puerto López","12","Puerto López at a Glance","24","Why Puerto López Works So Well","30","index,follow","noindex, nofollow, noarchive, nosnippet","","https://experienceecuador.com/regions/coast/puerto-lopez/","","","","","","34096","7380","7380","1.094","","1420","206","6.893","73.832","Fairly Easy","24.872","0","3","","15","10","0","4.690","27","15","0","0","0","0","","","","","796550622d735ef3ba92a9db96d58bc9","0.137","","","","","en","1.1","","","","","","https://staging.experienceecuador.com/regions/coast/puerto-lopez/","2026-10-02 09:27:19"
"https://staging.experienceecuador.com/regions/coast/la-ruta-del-sol/","https://staging.experienceecuador.com/regions/coast/la-ruta-del-sol/","text/html; charset=utf-8","200","OK","Non-Indexable","Canonicalised,noindex","Ecuador Ruta del Sol | Beaches, Surf & Road Trip","48","427","Plan Ecuador’s Ruta del Sol with beach towns, surf, seafood, sunsets and a flexible three-to-seven-day Pacific road trip.","121","733","","0","La Ruta del Sol","15","La Ruta del Sol at a Glance","27","Why La Ruta del Sol Works So Well","33","index,follow","noindex, nofollow, noarchive, nosnippet","","https://experienceecuador.com/regions/coast/la-ruta-del-sol/","","","","","","34936","7536","7536","1.117","","1508","210","7.181","78.032","Fairly Easy","25.253","0","3","","6","3","0","1.410","30","12","0","0","0","0","","","","","e93d98aa868ab9f644e826d2860a2f90","0.122","","","","","en","1.1","","","","","","https://staging.experienceecuador.com/regions/coast/la-ruta-del-sol/","2026-10-02 09:27:19"
"https://staging.experienceecuador.com/regions/andes/","https://staging.experienceecuador.com/regions/andes/","text/html; charset=utf-8","200","OK","Non-Indexable","Canonicalised,noindex","Ecuador Andes Guide | Cities, Volcanoes & Routes","48","442","Explore Ecuador’s Andes with city bases, volcano views, markets, and smarter highland itinerary ideas.","102","631","","0","Ecuador Andes Travel Guide","26","Why Ecuador's Andes Feel Different","34","Key Highlights of the Andes Region","34","index,follow","noindex, nofollow, noarchive, nosnippet","","https://experienceecuador.com/regions/andes/","","","","","","40920","9067","9067","1.344","","1528","245","6.237","57.770","Fairly Hard","24.194","0","2","","82","40","0","18.780","45","25","0","0","0","0","","","","","3191007b6f3fa1cb3ce18d0292723359","0.141","","","","","en","1.1","","","","","","https://staging.experienceecuador.com/regions/andes/","2026-10-02 09:27:19"
"https://staging.experienceecuador.com/regions/andes/quito/","https://staging.experienceecuador.com/regions/andes/quito/","text/html; charset=utf-8","200","OK","Non-Indexable","Canonicalised,noindex","Quito Ecuador Travel Guide | Best Things to Do & Stay","53","476","Plan Quito, Ecuador with top things to do, where to stay, and practical route ideas.","84","507","","0","Quito","5","Quito at a Glance","17","Why Quito Works So Well","23","index,follow","noindex, nofollow, noarchive, nosnippet","","https://experienceecuador.com/regions/andes/quito/","","","","","","35022","7480","7480","1.109","","1383","203","6.813","70.359","Fairly Easy","23.334","0","3","","65","31","0","14.550","27","15","0","0","0","0","","","","","dfc2a866b466c7ca92b81416f6c39b27","0.051","","","","","en","1.1","","","","","","https://staging.experienceecuador.com/regions/andes/quito/","2026-10-02 09:27:19"
"https://staging.experienceecuador.com/regions/andes/quito/1-day/","https://staging.experienceecuador.com/regions/andes/quito/1-day/","text/html; charset=utf-8","200","OK","Non-Indexable","Canonicalised,noindex","Quito in 1 Day | A Clear First-Day Plan in Ecuador's Andes","58","504","Plan one day in Quito with the Historic Center, a cultural landmark, a major viewpoint and realistic timing for a short first visit.","132","769","","0","Quito in 1 Day","14","What This 1-Day Quito Plan Is Built For","39","Why Quito Works So Well in One Day","34","index,follow","noindex, nofollow, noarchive, nosnippet","","https://experienceecuador.com/regions/andes/quito/1-day/","","","","","","33530","7425","7425","1.100","","1401","204","6.868","72.572","Fairly Easy","24.468","0","4","","6","4","0","1.880","28","15","0","0","0","0","","","","","f393d96c7262de9ac0d2ec432b19fb8d","0.134","","","","","en","1.1","","","","","","https://staging.experienceecuador.com/regions/andes/quito/1-day/","2026-10-02 09:27:19"
"https://staging.experienceecuador.com/regions/andes/quito/2-days/","https://staging.experienceecuador.com/regions/andes/quito/2-days/","text/html; charset=utf-8","200","OK","Non-Indexable","Canonicalised,noindex","Quito in 2 Days | A Balanced Andes City Plan in Ecuador","55","491","Plan two days in Quito with the Historic Center, major viewpoints, Mitad del Mundo and a flexible second-day route without rushing.","131","809","","0","Quito in 2 Days","15","What This 2-Day Quito Plan Is Built For","39","Why Two Days Is Such a Strong Quito Format","42","index,follow","noindex, nofollow, noarchive, nosnippet","","https://experienceecuador.com/regions/andes/quito/2-days/","","","","","","35012","8267","8267","1.225","","1612","225","7.164","75.077","Fairly Easy","26.602","0","4","","7","4","0","1.880","26","15","0","0","0","0","","","","","bc5d2767a261c88bb045d12a9a46794b","0.038","","","","","en","1.1","","","","","","https://staging.experienceecuador.com/regions/andes/quito/2-days/","2026-10-02 09:27:19"
"https://staging.experienceecuador.com/regions/andes/quito/3-days/","https://staging.experienceecuador.com/regions/andes/quito/3-days/","text/html; charset=utf-8","200","OK","Non-Indexable","Canonicalised,noindex","Quito in 3 Days | A Complete Andes City Stay in Ecuador","55","495","Plan three days in Quito with the Historic Center, city viewpoints, Mitad del Mundo and one realistic Andes day trip.","117","703","","0","Quito in 3 Days","15","What This 3-Day Quito Plan Is Built For","39","Why Three Days Is the Most Complete Short Quito Stay","52","index,follow","noindex, nofollow, noarchive, nosnippet","","https://experienceecuador.com/regions/andes/quito/3-days/","","","","","","36214","8333","8333","1.235","","1664","236","7.051","76.286","Fairly Easy","26.491","0","4","","7","4","0","1.880","26","14","0","0","0","0","","","","","44eb45a4e51fa92b92dc50652787ebfa","0.124","","","","","en","1.1","","","","","","https://staging.experienceecuador.com/regions/andes/quito/3-days/","2026-10-02 09:27:19"
"https://staging.experienceecuador.com/regions/andes/mindo/","https://staging.experienceecuador.com/regions/andes/mindo/","text/html; charset=utf-8","200","OK","Non-Indexable","Canonicalised,noindex","Mindo Ecuador Guide | Cloud Forest Birding and Waterfalls","57","519","Explore Mindo, Ecuador with cloud forest birding, waterfalls, chocolate experiences, nature lodges, and easy access from Quito.","127","783","","0","Mindo, Ecuador","14","What Mindo Is Best For","22","Why Mindo Stands Out","20","index,follow","noindex, nofollow, noarchive, nosnippet","","https://experienceecuador.com/regions/andes/mindo/","","","","","","34830","7535","7535","1.117","","1303","208","6.264","63.221","Normal","23.410","0","3","","63","34","0","15.960","27","15","0","0","0","0","","","","","26f282dd26b7721bdc38eeae62fa0d5f","0.042","","","","","en","1.1","","","","","","https://staging.experienceecuador.com/regions/andes/mindo/","2026-10-02 09:27:19"
"https://staging.experienceecuador.com/regions/andes/cuenca/","https://staging.experienceecuador.com/regions/andes/cuenca/","text/html; charset=utf-8","200","OK","Non-Indexable","Canonicalised,noindex","Cuenca Ecuador Guide | Culture & Highland Day Trips","51","470","Plan your trip to Cuenca, Ecuador with colonial streets, artisan markets, museums, cafe culture, great food, and easy southern Andes day trips.","143","879","","0","Cuenca, Ecuador","15","What Cuenca Is Best For","23","Why Cuenca Stands Out","21","index,follow","noindex, nofollow, noarchive, nosnippet","","https://experienceecuador.com/regions/andes/cuenca/","","","","","","35472","7448","7448","1.104","","1323","206","6.422","64.240","Normal","23.079","0","3","","12","6","0","2.820","25","13","0","0","0","0","","","","","8424b60cd1b3a2970f528f6697e11915","0.161","","","","","en","1.1","","","","","","https://staging.experienceecuador.com/regions/andes/cuenca/","2026-10-02 09:27:19"
"https://staging.experienceecuador.com/regions/andes/otavalo/","https://staging.experienceecuador.com/regions/andes/otavalo/","text/html; charset=utf-8","200","OK","Non-Indexable","Canonicalised,noindex","Otavalo Ecuador Guide | Market, Textiles & Andes Culture","56","509","Plan your trip to Otavalo, Ecuador with indigenous markets, textiles, highland scenery, nearby lakes, and easy pairing with Quito and the northern Andes.","153","937","","0","Otavalo, Ecuador","16","What Otavalo Is Best For","24","Why Otavalo Stands Out","22","index,follow","noindex, nofollow, noarchive, nosnippet","","https://experienceecuador.com/regions/andes/otavalo/","","","","","","33881","7699","7699","1.141","","1286","201","6.398","58.968","Fairly Hard","23.549","0","3","","23","12","0","5.630","25","13","0","0","0","0","","","","","87c0ed602becf6f893a4918ba3a6b2d2","0.038","","","","","en","1.1","","","","","","https://staging.experienceecuador.com/regions/andes/otavalo/","2026-10-02 09:27:19"
"https://staging.experienceecuador.com/regions/andes/cotopaxi/","https://staging.experienceecuador.com/regions/andes/cotopaxi/","text/html; charset=utf-8","200","OK","Non-Indexable","Canonicalised,noindex","Cotopaxi Ecuador Guide | Volcano Views & Páramo Trails","54","507","Plan Cotopaxi with volcano views, páramo trails, high-altitude scenery and an easy day trip or overnight route from Quito.","122","747","","0","Cotopaxi, Ecuador","17","What Cotopaxi Is Best For","25","Why Cotopaxi Stands Out","23","index,follow","noindex, nofollow, noarchive, nosnippet","","https://experienceecuador.com/regions/andes/cotopaxi/","","","","","","34592","7591","7591","1.125","","1298","206","6.301","56.789","Fairly Hard","23.517","0","3","","29","20","0","9.390","31","13","0","0","0","0","","","","","cbd6ba149fb429192f1d01cc8b36060","0.286","","","","","en","1.1","","","","","","https://staging.experienceecuador.com/regions/andes/cotopaxi/","2026-10-02 09:27:19"
"https://staging.experienceecuador.com/regions/andes/banos/","https://staging.experienceecuador.com/regions/andes/banos/","text/html; charset=utf-8","200","OK","Non-Indexable","Canonicalised,noindex","Baños Ecuador Guide | Waterfalls, Adventure & Hot Springs","57","523","Plan your trip to Baños, Ecuador with waterfall routes, viewpoints, adventure activities, hot springs, and a simple 2 to 3 night Andes flow.","140","840","","0","Baños, Ecuador","14","What Baños Is Best For","22","Why Baños Stands Out","20","index,follow","noindex, nofollow, noarchive, nosnippet","","https://experienceecuador.com/regions/andes/banos/","","","","","","36219","7567","7567","1.121","","1286","201","6.398","62.850","Normal","22.317","0","3","","17","10","0","4.690","29","14","0","0","0","0","","","","","9d04604b55e12f8c0c231c558bf2cc4a","0.040","","","","","en","1.1","","","","","","https://staging.experienceecuador.com/regions/andes/banos/","2026-10-02 09:27:19"
"https://staging.experienceecuador.com/regions/andes/papallacta/","https://staging.experienceecuador.com/regions/andes/papallacta/","text/html; charset=utf-8","200","OK","Non-Indexable","Canonicalised,noindex","Papallacta Ecuador Guide | Hot Springs Near Quito","49","449","Plan your trip to Papallacta, Ecuador with hot springs, páramo scenery, wellness-focused day trips, and an easy Andes reset near Quito.","135","835","","0","Papallacta, Ecuador","19","What Papallacta Is Best For","27","Why Papallacta Stands Out","25","index,follow","noindex, nofollow, noarchive, nosnippet","","https://experienceecuador.com/regions/andes/papallacta/","","","","","","34399","7374","7374","1.093","","1304","204","6.392","63.131","Normal","23.379","0","3","","6","4","0","1.880","27","13","0","0","0","0","","","","","2b37f83242259dfaf4e4c64563104a45","0.205","","","","","en","1.1","","","","","","https://staging.experienceecuador.com/regions/andes/papallacta/","2026-10-02 09:27:19"
"https://staging.experienceecuador.com/regions/andes/choco-andino/","https://staging.experienceecuador.com/regions/andes/choco-andino/","text/html; charset=utf-8","200","OK","Non-Indexable","Canonicalised,noindex","Chocó Andino Ecuador Travel Guide | Best Things to Do & Stay","60","551","Plan Chocó Andino, Ecuador with top things to do, where to stay, and practical route ideas.","91","560","","0","Chocó Andino, Ecuador","21","What Chocó Andino Is Best For","29","Why Chocó Andino Stands Out","27","index,follow","noindex, nofollow, noarchive, nosnippet","","https://experienceecuador.com/regions/andes/choco-andino/","","","","","","36238","8118","8118","1.203","","1360","219","6.210","59.138","Fairly Hard","23.957","0","3","","26","15","0","7.040","30","16","0","0","0","0","","","","","72a6d5fb280ebee76c1c99b2a2259b59","0.070","","","","","en","1.1","","","","","","https://staging.experienceecuador.com/regions/andes/choco-andino/","2026-10-02 09:27:19"
"https://staging.experienceecuador.com/regions/andes/cotacachi/","https://staging.experienceecuador.com/regions/andes/cotacachi/","text/html; charset=utf-8","200","OK","Non-Indexable","Canonicalised,noindex","Cotacachi Ecuador Guide | Cuicocha Lake & Artisan Town","54","508","Plan your trip to Cotacachi, Ecuador with Cuicocha crater lake, artisan town walks, northern Andes scenery, and an easy half day to 1 night route.","146","895","","0","Cotacachi, Ecuador","18","What Cotacachi Is Best For","26","Why Cotacachi Stands Out","24","index,follow","noindex, nofollow, noarchive, nosnippet","","https://experienceecuador.com/regions/andes/cotacachi/","","","","","","33584","7179","7179","1.064","","1277","198","6.449","59.708","Fairly Hard","23.609","0","3","","11","5","0","2.350","27","11","0","0","0","0","","","","","eafbe89ae4a41a05524e824209602","0.270","","","","","en","1.1","","","","","","https://staging.experienceecuador.com/regions/andes/cotacachi/","2026-10-02 09:27:19"
"https://staging.experienceecuador.com/regions/andes/zuleta/","https://staging.experienceecuador.com/regions/andes/zuleta/","text/html; charset=utf-8","200","OK","Non-Indexable","Canonicalised,noindex","Zuleta Ecuador Guide | Embroidery & Country Walks","49","457","Plan your trip to Zuleta, Ecuador with quiet countryside walks, embroidery tradition, open northern Andes scenery, and an easy half day to 1 night route.","153","933","","0","Zuleta, Ecuador","15","What Zuleta Is Best For","23","Why Zuleta Stands Out","21","index,follow","noindex, nofollow, noarchive, nosnippet","","https://experienceecuador.com/regions/andes/zuleta/","","","","","","38706","8086","8086","1.198","","1395","222","6.284","60.003","Normal","22.352","0","3","","8","4","0","1.880","34","11","0","0","0","0","","","","","74bf111d96b5d9ece65e4832ac893250","0.038","","","","","en","1.1","","","","","","https://staging.experienceecuador.com/regions/andes/zuleta/","2026-10-02 09:27:19"
"https://staging.experienceecuador.com/regions/amazon/","https://staging.experienceecuador.com/regions/amazon/","text/html; charset=utf-8","200","OK","Non-Indexable","Canonicalised,noindex","Ecuador Amazon Guide | Lodges, Wildlife & Routes","48","448","Explore Ecuador's Amazon with rainforest gateways, lodges, wildlife highlights, and practical itinerary ideas.","110","664","","0","Ecuador Amazon Travel Guide","27","Why Ecuador's Amazon Feels Different","36","Key Highlights of the Amazon Region","35","index,follow","noindex, nofollow, noarchive, nosnippet","","https://experienceecuador.com/regions/amazon/","","","","","","42268","8157","8157","1.209","","1419","226","6.279","54.991","Fairly Hard","22.351","0","2","","43","21","0","9.860","38","22","0","0","0","0","","","","","a2884037cbb6160c3f58138f8fd2afd4","0.157","","","","","en","1.1","","","","","","https://staging.experienceecuador.com/regions/amazon/","2026-10-02 09:27:19"
"https://staging.experienceecuador.com/regions/amazon/tena/","https://staging.experienceecuador.com/regions/amazon/tena/","text/html; charset=utf-8","200","OK","Non-Indexable","Canonicalised,noindex","Tena Ecuador Guide | Rafting, Lodges & Amazon Routes","52","495","Plan Tena with rafting, Amazon lodges, rainforest trails and a realistic two-to-four-day route from Quito.","106","640","","0","Tena","4","What Tena Is Best For","21","Why Tena Stands Out","19","index,follow","noindex, nofollow, noarchive, nosnippet","","https://experienceecuador.com/regions/amazon/tena/","","","","","","40514","7415","7415","1.099","","1311","206","6.364","60.989","Normal","19.868","0","3","","24","11","0","5.160","27","11","0","0","0","0","","","","","ab600d94886bae78c21503c22cc18775","0.099","","","","","en","1.1","","","","","","https://staging.experienceecuador.com/regions/amazon/tena/","2026-10-02 09:27:19"
"https://staging.experienceecuador.com/regions/amazon/misahualli/","https://staging.experienceecuador.com/regions/amazon/misahualli/","text/html; charset=utf-8","200","OK","Non-Indexable","Canonicalised,noindex","Misahuallí Ecuador Guide | River Town & Amazon Routes","53","502","Plan Misahuallí with riverfront stays, short rainforest outings, local culture and an easy one-to-three-day Amazon route.","121","735","","0","Misahuallí","10","What Misahuallí Is Best For","27","Why Misahuallí Stands Out","25","index,follow","noindex, nofollow, noarchive, nosnippet","","https://experienceecuador.com/regions/amazon/misahualli/","","","","","","42202","7553","7553","1.119","","1336","211","6.332","57.931","Fairly Hard","20.020","0","3","","19","9","0","4.230","28","11","0","0","0","0","","","","","c97d0a78ef373050a7fac9f56d45d3f9","0.116","","","","","en","1.1","","","","","","https://staging.experienceecuador.com/regions/amazon/misahualli/","2026-10-02 09:27:19"
"https://staging.experienceecuador.com/regions/amazon/yasuni-national-park/","https://staging.experienceecuador.com/regions/amazon/yasuni-national-park/","text/html; charset=utf-8","200","OK","Non-Indexable","Canonicalised,noindex","Yasuní National Park Guide | Lodges, Wildlife & Rivers","54","476","Plan Yasuní with deep-rainforest lodges, wildlife, river travel and a realistic four-to-seven-day Ecuador Amazon route.","119","717","","0","Yasuní National Park","20","What Yasuní National Park Is Best For","37","Why Yasuní National Park Stands Out","35","index,follow","noindex, nofollow, noarchive, nosnippet","","https://experienceecuador.com/regions/amazon/yasuni-national-park/","","","","","","43142","7928","7928","1.175","","1451","224","6.478","60.854","Normal","21.557","0","3","","19","11","0","5.160","30","11","0","0","0","0","","","","","e821b7fc1fc424f054b8be51cf07ee5b","0.043","","","","","en","1.1","","","","","","https://staging.experienceecuador.com/regions/amazon/yasuni-national-park/","2026-10-02 09:27:19"
"https://staging.experienceecuador.com/regions/amazon/cuyabeno-wildlife-reserve/","https://staging.experienceecuador.com/regions/amazon/cuyabeno-wildlife-reserve/","text/html; charset=utf-8","200","OK","Non-Indexable","Canonicalised,noindex","Cuyabeno Wildlife Reserve | Lagoons, Wildlife & Lodges","54","491","Plan Cuyabeno with lagoon canoe trips, blackwater wildlife, lodge access and realistic three-to-five-day routes in Ecuador’s Amazon.","132","813","","0","Cuyabeno Wildlife Reserve, Ecuador","34","What Cuyabeno Is Best For","25","Why Cuyabeno Stands Out","23","index,follow","noindex, nofollow, noarchive, nosnippet","","https://experienceecuador.com/regions/amazon/cuyabeno-wildlife-reserve/","","","","","","42704","7819","7819","1.159","","1368","221","6.190","55.842","Fairly Hard","21.279","0","3","","14","9","0","4.230","27","13","0","0","0","0","","","","","1d2766df153a7145f4fbbdafb20074b1","0.142","","","","","en","1.1","","","","","","https://staging.experienceecuador.com/regions/amazon/cuyabeno-wildlife-reserve/","2026-10-02 09:27:19"
"https://staging.experienceecuador.com/experiences/","https://staging.experienceecuador.com/experiences/","text/html; charset=utf-8","200","OK","Non-Indexable","Canonicalised,noindex","Ecuador Experiences | Wildlife, Culture & Adventure","51","455","Explore Ecuador experiences by travel style, including wildlife, culture, nature, culinary travel, relaxation, and adventure.","125","730","","0","Ecuador Experiences Guide","25","How to Use the Experiences Hub","30","Why Experience-Led Planning Works in Ecuador","44","index,follow","noindex, nofollow, noarchive, nosnippet","","https://experienceecuador.com/experiences/","","","","","","34750","7318","7318","1.085","","1290","198","6.515","57.583","Fairly Hard","24.413","0","1","","15","7","0","3.290","28","13","0","0","0","0","","","","","a76118f4dbd706cbff6512eea97531a","0.145","","","","","en","1.1","","","","","","https://staging.experienceecuador.com/experiences/","2026-10-02 09:27:20"
"https://staging.experienceecuador.com/experiences/adventure/","https://staging.experienceecuador.com/experiences/adventure/","text/html; charset=utf-8","200","OK","Non-Indexable","Canonicalised,noindex","Adventure Ecuador | Hiking, Rafting & Active Travel","51","452","Plan adventure travel in Ecuador with volcano hikes, rafting, canyoning, ziplining, and multi-region routes.","108","648","","0","Adventure in Ecuador","20","Adventure at a Glance","21","Why Adventure Works So Well in Ecuador","38","index,follow","noindex, nofollow, noarchive, nosnippet","","https://experienceecuador.com/experiences/adventure/","","","","","","36802","7614","7614","1.128","","1309","196","6.679","56.773","Fairly Hard","22.833","0","2","","31","29","0","13.620","29","14","0","0","0","0","","","","","6b9f88d29e16cc5f81ff8197f7c64292","0.033","","","","","en","1.1","","","","","","https://staging.experienceecuador.com/experiences/adventure/","2026-10-02 09:27:20"
"https://staging.experienceecuador.com/experiences/nature/","https://staging.experienceecuador.com/experiences/nature/","text/html; charset=utf-8","200","OK","Non-Indexable","Canonicalised,noindex","Nature Ecuador | Volcanoes, Cloud Forests & Amazon","50","474","Explore Ecuador nature across volcanoes, cloud forests, the Amazon, the Coast, and big landscapes.","98","620","","0","Nature in Ecuador","17","Nature at a Glance","18","Why Nature Works So Well in Ecuador","35","index,follow","noindex, nofollow, noarchive, nosnippet","","https://experienceecuador.com/experiences/nature/","","","","","","33088","7510","7510","1.113","","1406","201","6.995","57.010","Fairly Hard","27.389","0","2","","76","40","0","18.780","30","14","0","0","0","0","","","","","b56747e94750b41d0798ff23f145d6b","0.033","","","","","en","1.1","","","","","","https://staging.experienceecuador.com/experiences/nature/","2026-10-02 09:27:20"
"https://staging.experienceecuador.com/experiences/wildlife-birding/","https://staging.experienceecuador.com/experiences/wildlife-birding/","text/html; charset=utf-8","200","OK","Non-Indexable","Canonicalised,noindex","Wildlife & Birding Ecuador | Best Regions & Habitats","52","457","Plan wildlife and birding in Ecuador across cloud forests, the Amazon, Coast and Galápagos, with habitat-led routes and expert planning links.","142","874","","0","Wildlife & Birding in Ecuador","29","Wildlife & Birding at a Glance","30","Why Wildlife & Birding Works So Well in Ecuador","47","index,follow","noindex, nofollow, noarchive, nosnippet","","https://experienceecuador.com/experiences/wildlife-birding/","","","","","","42009","8438","8438","1.251","","1612","245","6.580","51.792","Fairly Hard","25.756","0","2","","48","32","0","15.020","43","26","0","0","0","0","","","","","f1987cc8344a7f9adbfda28753577424","0.044","","","","","en","1.1","","","","","","https://staging.experienceecuador.com/experiences/wildlife-birding/","2026-10-02 09:27:20"
"https://staging.experienceecuador.com/experiences/relaxation/","https://staging.experienceecuador.com/experiences/relaxation/","text/html; charset=utf-8","200","OK","Non-Indexable","Canonicalised,noindex","Relaxing Ecuador Travel | Hot Springs & Scenic Stays","52","468","Plan a relaxing Ecuador trip with quiet bases, hot springs, scenic stays, and slower-paced routes.","98","595","","0","Relaxation in Ecuador","21","Relaxation at a Glance","22","Why Relaxation Works So Well in Ecuador","39","index,follow","noindex, nofollow, noarchive, nosnippet","","https://experienceecuador.com/experiences/relaxation/","","","","","","32542","7471","7471","1.107","","1275","196","6.505","62.749","Normal","24.791","0","2","","52","36","0","16.900","30","13","0","0","0","0","","","","","a18768869ce9f63fddb1ada789c59277","0.044","","","","","en","1.1","","","","","","https://staging.experienceecuador.com/experiences/relaxation/","2026-10-02 09:27:20"
"https://staging.experienceecuador.com/experiences/culinary/","https://staging.experienceecuador.com/experiences/culinary/","text/html; charset=utf-8","200","OK","Non-Indexable","Canonicalised,noindex","Ecuador Food Travel | Markets, Cacao & Regional Dishes","54","499","Plan culinary travel in Ecuador with markets, seafood, cacao, coffee, and regional food experiences.","100","612","","0","Culinary in Ecuador","19","Culinary Travel at a Glance","27","Why Culinary Travel Works So Well in Ecuador","44","index,follow","noindex, nofollow, noarchive, nosnippet","","https://experienceecuador.com/experiences/culinary/","","","","","","33383","7517","7517","1.114","","1296","195","6.646","60.068","Normal","25.146","0","2","","19","14","0","6.570","30","14","0","0","0","0","","","","","311288d80a1fc96465bce86fbe58541e","0.034","","","","","en","1.1","","","","","","https://staging.experienceecuador.com/experiences/culinary/","2026-10-02 09:27:20"
"https://staging.experienceecuador.com/experiences/culinary/must-eats/","https://staging.experienceecuador.com/experiences/culinary/must-eats/","text/html; charset=utf-8","200","OK","Non-Indexable","Canonicalised,noindex","Must-Eat Ecuadorian Food | Essential Dishes by Region","53","485","Discover essential Ecuadorian dishes by region, including Andean comfort food, Coast seafood, Amazon flavors and Galápagos specialties.","135","857","","0","Must-Eat Foods in Ecuador","25","How Ecuador's Regions Taste Different","37","Top Must Eats by Region","23","index,follow","noindex, nofollow, noarchive, nosnippet","","https://experienceecuador.com/experiences/culinary/must-eats/","","","","","","26758","5590","5590","0.828","","619","107","5.785","64.154","Normal","14.727","0","3","","1","1","0","0.470","11","6","0","0","0","0","","","","","31e481eae40723715a85b761923f5721","0.034","","","","","en","1.1","","","","","","https://staging.experienceecuador.com/experiences/culinary/must-eats/","2026-10-02 09:27:20"
"https://staging.experienceecuador.com/experiences/culture/","https://staging.experienceecuador.com/experiences/culture/","text/html; charset=utf-8","200","OK","Non-Indexable","Canonicalised,noindex","Ecuador Culture | Cities, Markets & Heritage","44","389","Explore Ecuador culture through historic cities, markets, traditions, food, and heritage-rich routes.","101","600","","0","Culture in Ecuador","18","Culture at a Glance","19","Why Culture Works So Well in Ecuador","36","index,follow","noindex, nofollow, noarchive, nosnippet","","https://experienceecuador.com/experiences/culture/","","","","","","34934","7556","7556","1.120","","1405","203","6.921","55.659","Fairly Hard","25.916","0","2","","36","22","0","10.330","30","15","0","0","0","0","","","","","c470666f0be3c293add61e0ace1a4986","0.035","","","","","en","1.1","","","","","","https://staging.experienceecuador.com/experiences/culture/","2026-10-02 09:27:20"
"https://staging.experienceecuador.com/experiences/birdwatching/mindo/","https://staging.experienceecuador.com/experiences/birdwatching/mindo/","text/html; charset=utf-8","200","OK","Non-Indexable","Canonicalised,noindex","Mindo Birdwatching | Cloud Forest Birds & Local Guides","54","491","Plan Mindo birdwatching with cloud-forest habitats, local guides, dawn routes and a direct funnel to specialist birding services.","129","779","","0","Birdwatching in Mindo","21","Birdwatching in Mindo at a Glance","33","Why Mindo Works So Well for Birdwatching","40","index,follow","noindex, nofollow, noarchive, nosnippet","","https://experienceecuador.com/experiences/birdwatching/mindo/","","","","","","32224","7206","7206","1.068","","1213","192","6.318","62.050","Normal","23.891","0","3","","2","2","0","0.940","23","12","0","0","0","0","","","","","ba7173484629aef62a83030ae62ca414","0.036","","","","","en","1.1","","","","","","https://staging.experienceecuador.com/experiences/birdwatching/mindo/","2026-10-02 09:27:20"
"https://staging.experienceecuador.com/experiences/birdwatching/quito/","https://staging.experienceecuador.com/experiences/birdwatching/quito/","text/html; charset=utf-8","200","OK","Non-Indexable","Canonicalised,noindex","Quito Birdwatching | Andean Habitats & Day Trips","48","438","Plan Quito birdwatching with high-Andean habitats, accessible day trips, practical timing and connections toward Mindo’s cloud forest.","134","833","","0","Birdwatching in Quito","21","Birdwatching in Quito at a Glance","33","Why Quito Works Well for Birdwatching","37","index,follow","noindex, nofollow, noarchive, nosnippet","","https://experienceecuador.com/experiences/birdwatching/quito/","","","","","","33488","7203","7203","1.067","","1307","198","6.601","57.862","Fairly Hard","24.867","0","3","","1","1","0","0.470","23","12","0","0","0","0","","","","","7dad14d182ce86182b4d333af84f4bf2","0.044","","","","","en","1.1","","","","","","https://staging.experienceecuador.com/experiences/birdwatching/quito/","2026-10-02 09:27:20"
"https://staging.experienceecuador.com/trip-builder/","https://staging.experienceecuador.com/trip-builder/","text/html; charset=utf-8","200","OK","Non-Indexable","Canonicalised,noindex","Ecuador Trip Planner | Build a Custom Ecuador Itinerary","55","491","Build a custom Ecuador itinerary by region, trip length, and travel style. Compare the Andes, Amazon, Coast, and Galapagos in one trip planner.","143","879","","0","Build Your Custom Ecuador Itinerary","35","Build Your Custom Ecuador Itinerary","35","Your Suggested Itinerary","24","index,follow","noindex, nofollow, noarchive, nosnippet","","https://experienceecuador.com/trip-builder/","","","","","","100384","22043","22043","3.267","","749","121","6.190","50.215","Fairly Hard","5.011","0","1","","221","73","0","34.270","18","13","0","0","0","0","","","","","5f13fe0a12db7157135511b79596e3d7","0.127","","","","","en","1.1","","","","","","https://staging.experienceecuador.com/trip-builder/","2026-10-02 09:27:18"
"https://staging.experienceecuador.com/contact/","https://staging.experienceecuador.com/contact/","text/html; charset=utf-8","200","OK","Non-Indexable","Canonicalised,noindex","Contact Experience Ecuador | Trip Planning & Partnerships","57","519","Contact Experience Ecuador about trip planning, private tours, recommendations, partnerships, or destination questions.","119","745","","0","Contact Experience Ecuador","26","Send A Note","11","","0","index,follow","noindex, nofollow, noarchive, nosnippet","","https://experienceecuador.com/contact/","","","","","","26597","7317","7317","1.084","","210","38","5.526","62.643","Normal","5.610","0","1","","61","49","0","23.000","7","7","0","0","0","0","","","","","3a64827d17353bd29d0c299b8420e13c","0.037","","","","","en","1.1","","","","","","https://staging.experienceecuador.com/contact/","2026-10-02 09:27:23"
"https://staging.experienceecuador.com/faqs/","https://staging.experienceecuador.com/faqs/","text/html; charset=utf-8","200","OK","Non-Indexable","Canonicalised,noindex","Ecuador Travel FAQs | Planning, Regions & Trip Logistics","56","501","Find answers to common Ecuador travel questions about regions, routes, timing, logistics, and trip planning.","108","666","","0","Ecuador Travel FAQs","19","How Experience Ecuador works","28","What is coming next","19","index,follow","noindex, nofollow, noarchive, nosnippet","","https://experienceecuador.com/faqs/","","","","","","27123","6282","6282","0.931","","584","89","6.562","55.891","Fairly Hard","14.052","0","1","","5","5","0","2.350","14","7","0","0","0","0","","","","","c4f7419ac128b7cbb6afdc899bcfb5f8","0.036","","","","","en","1.1","","","","","","https://staging.experienceecuador.com/faqs/","2026-10-02 09:27:20"
"https://staging.experienceecuador.com/privacy-policy/","https://staging.experienceecuador.com/privacy-policy/","text/html; charset=utf-8","200","OK","Non-Indexable","Canonicalised,noindex","Privacy Policy | Experience Ecuador","35","313","Read how Experience Ecuador collects, uses, and protects personal information across site forms, communications, and trip planning inquiries.","141","880","","0","Privacy Policy","14","Overview","8","Information we collect","22","index,follow","noindex, nofollow, noarchive, nosnippet","","https://experienceecuador.com/privacy-policy/","","","","","","17948","5306","5306","0.786","","581","86","6.756","59.172","Fairly Hard","20.160","0","1","","5","4","0","1.880","8","7","0","0","0","0","","","","","59efee9329755a6149e3652a0654c17f","0.038","","","","","en","1.1","","","","","","https://staging.experienceecuador.com/privacy-policy/","2026-10-02 09:27:20"
"https://staging.experienceecuador.com/terms-of-service/","https://staging.experienceecuador.com/terms-of-service/","text/html; charset=utf-8","200","OK","Non-Indexable","Canonicalised,noindex","Terms of Service | Experience Ecuador","37","342","Read the Terms of Service for Experience Ecuador, including acceptable use, third-party links, intellectual property, disclaimers, and liability limits.","152","888","","0","Terms of Service","16","Scope","5","Your responsibilities","21","index,follow","noindex, nofollow, noarchive, nosnippet","","https://experienceecuador.com/terms-of-service/","","","","","","17398","5184","5184","0.768","","468","74","6.324","50.558","Fairly Hard","17.774","0","1","","2","2","0","0.940","9","7","0","0","0","0","","","","","a0912a6df657c0b2926d0bb680088be0","0.037","","","","","en","1.1","","","","","","https://staging.experienceecuador.com/terms-of-service/","2026-10-02 09:27:18"
"https://staging.experienceecuador.com/terms/","https://staging.experienceecuador.com/terms/","text/html; charset=utf-8","200","OK","Non-Indexable","Canonicalised,noindex","Terms and Conditions | Experience Ecuador","41","386","Read the Terms and Conditions for Experience Ecuador, including acceptable use, third-party links, content rights, and liability limits.","136","810","","0","Terms and Conditions","20","Use of this website","19","Travel information","18","index,follow","noindex, nofollow, noarchive, nosnippet","","https://experienceecuador.com/terms/","","","","","","17114","5077","5077","0.752","","440","66","6.667","43.174","Hard","17.596","0","1","","2","2","0","0.940","9","7","0","0","0","0","","","","","9f5a6c0a2e704b92501bd35f0872cc47","0.047","","","","","en","1.1","","","","","","https://staging.experienceecuador.com/terms/","2026-10-02 09:27:18"
"https://staging.experienceecuador.com/recommendations/","https://staging.experienceecuador.com/recommendations/","text/html; charset=utf-8","200","OK","Non-Indexable","Canonicalised,noindex","Ecuador Recommendations | Lodges, Tours & Local Services","56","536","Browse curated Ecuador recommendations by region, location, experience, and category, including trusted lodges, tours, restaurants, services, and activities.","157","965","","0","Best Ecuador Recommendations","28","Explore featured recommendations","32","","0","index,follow","noindex, nofollow, noarchive, nosnippet","","https://experienceecuador.com/recommendations/","","","","","","41564","8903","8903","1.319","","134","26","5.154","24.828","Very Hard","2.700","0","1","","266","61","0","28.640","9","9","0","0","0","0","","","","","5756542efa249ad5a2ebfd6b5e3a220e","0.131","","","","","en","1.1","","","","","","https://staging.experienceecuador.com/recommendations/","2026-10-02 09:27:19"
"https://staging.experienceecuador.com/partners/","https://staging.experienceecuador.com/partners/","text/html; charset=utf-8","200","OK","Non-Indexable","Canonicalised,noindex","Partners | Reach Travelers Planning Ecuador Trips","49","446","Learn how Experience Ecuador partners can reach travelers actively planning where to stay, what to do, and how to travel in Ecuador.","132","822","","0","Partners","8","Why join now","12","How travelers discover you","26","index,follow","noindex, nofollow, noarchive, nosnippet","","https://experienceecuador.com/partners/","","","","","","26694","7250","7250","1.074","","960","152","6.316","53.608","Fairly Hard","23.651","0","1","","2","2","0","0.940","11","7","0","0","0","0","","","","","c41744c427e36c3ecf85966f015065f0","0.112","","","","","en","1.1","","","","","","https://staging.experienceecuador.com/partners/","2026-10-02 09:27:20"
"https://staging.experienceecuador.com/partners/join/","https://staging.experienceecuador.com/partners/join/","text/html; charset=utf-8","200","OK","Non-Indexable","Canonicalised,noindex","Join Experience Ecuador Partners | Travel Visibility","52","451","Apply to join Experience Ecuador as a partner and reach travelers planning Ecuador trips through curated recommendations and destination pages.","143","909","","0","Join Experience Ecuador Partners","32","Who this is for","15","What you submit","15","index,follow","noindex, nofollow, noarchive, nosnippet","","https://experienceecuador.com/partners/join/","","","","","","33869","8133","8133","1.205","","293","59","4.966","53.383","Fairly Hard","5.908","0","2","","0","0","0","0.000","6","6","0","1","1","0","","","","","450a0f4c19607e8e202bfda81179816b","0.119","","","","","en","1.1","","","","","","https://staging.experienceecuador.com/partners/join/","2026-10-02 09:27:20"
"https://staging.experienceecuador.com/recommendations/members/andes/mindo/mindo-eco-chalet-river-and-waterfalls/","https://staging.experienceecuador.com/recommendations/members/andes/mindo/mindo-eco-chalet-river-and-waterfalls/","text/html; charset=utf-8","200","OK","Non-Indexable","Canonicalised,noindex","Mindo Eco Chalet | Riverside Cloud Forest Stay","46","414","Stay at Mindo Eco Chalet, a solar-powered riverside retreat near waterfalls and cloud-forest trails for nature-focused travelers.","129","776","","0","Mindo Eco Chalet (River and Waterfalls)","39","A private riverside chalet stay in Mindo","40","Why Mindo Eco Chalet stands out in Mindo, Ecuador","49","index,follow","noindex, nofollow, noarchive, nosnippet","","https://experienceecuador.com/recommendations/members/andes/mindo/mindo-eco-chalet-river-and-waterfalls/","","","","","","37194","8261","8261","1.224","","811","118","6.873","52.461","Fairly Hard","14.466","0","5","","1","1","0","0.470","12","8","0","3","2","0","","","","","d29c951a195930407cdb01ab27e92460","0.038","","","","","en","1.1","","","","","","https://staging.experienceecuador.com/recommendations/members/andes/mindo/mindo-eco-chalet-river-and-waterfalls/","2026-10-02 09:27:19"
"https://staging.experienceecuador.com/recommendations/members/andes/mindo/mindo-eco-suite-river-and-cascadita/","https://staging.experienceecuador.com/recommendations/members/andes/mindo/mindo-eco-suite-river-and-cascadita/","text/html; charset=utf-8","200","OK","Non-Indexable","Canonicalised,noindex","Mindo Eco Suite | Private Riverside Cabin","41","365","Stay at Mindo Eco Suite, a private riverside cabin with a kitchen, outdoor hot shower, waterfalls, cloud-forest trails and town access.","135","811","","0","Mindo Eco Suite Riverside Cabin Stay","36","A private riverside cabin stay in Mindo","39","Why Mindo Eco Suite stands out in Mindo, Ecuador","48","index,follow","noindex, nofollow, noarchive, nosnippet","","https://experienceecuador.com/recommendations/members/andes/mindo/mindo-eco-suite-river-and-cascadita/","","","","","","37294","8346","8346","1.237","","876","126","6.952","54.529","Fairly Hard","15.158","0","5","","2","2","0","0.940","21","15","0","3","2","0","","","","","cc2f6ba91a7c53909111d1825f6e5bae","0.057","","","","","en","1.1","","","","","","https://staging.experienceecuador.com/recommendations/members/andes/mindo/mindo-eco-suite-river-and-cascadita/","2026-10-02 09:27:19"
"https://staging.experienceecuador.com/recommendations/members/andes/mindo/mindo-glamping-yurt-river-and-cascadita/","https://staging.experienceecuador.com/recommendations/members/andes/mindo/mindo-glamping-yurt-river-and-cascadita/","text/html; charset=utf-8","200","OK","Non-Indexable","Canonicalised,noindex","Mindo Glamping Yurt | Riverside Nature Stay","43","395","Stay at Mindo Glamping Yurt beside the river and a small waterfall, with nature-first comfort, cloud-forest trails and easy Mindo access.","137","831","","0","Mindo Glamping Yurt Riverside Glamping Stay","43","A riverside glamping stay in Mindo","34","Why Mindo Glamping Yurt stands out in Mindo, Ecuador","52","index,follow","noindex, nofollow, noarchive, nosnippet","","https://experienceecuador.com/recommendations/members/andes/mindo/mindo-glamping-yurt-river-and-cascadita/","","","","","","34542","7643","7643","1.133","","867","124","6.992","52.688","Fairly Hard","16.521","0","5","","1","1","0","0.470","20","14","0","3","2","0","","","","","19feea2a8a7414821e7167ff1b133089","0.047","","","","","en","1.1","","","","","","https://staging.experienceecuador.com/recommendations/members/andes/mindo/mindo-glamping-yurt-river-and-cascadita/","2026-10-02 09:27:19"
"https://staging.experienceecuador.com/recommendations/members/amazon/tena/las-nubes/","https://staging.experienceecuador.com/recommendations/members/amazon/tena/las-nubes/","text/html; charset=utf-8","200","OK","Non-Indexable","Canonicalised,noindex","Las Nubes | Tena Amazon Nature Lodge","36","359","Discover Las Nubes in Tena, a nature-focused Amazon stay with practical access, rainforest activities, and trip-planning value.","127","777","","0","Las Nubes","9","Nature lodge stay in Tena's cloud forest edge","45","Why Cabañas Las Nubes stands out in Tena, Ecuador","49","index,follow","noindex, nofollow, noarchive, nosnippet","","https://experienceecuador.com/recommendations/members/amazon/tena/las-nubes/","","","","","","45043","10560","10560","1.565","","892","125","7.136","47.653","Hard","13.237","0","5","","1","1","0","0.470","20","13","0","6","3","0","","","","","39af0232859385c165965250a8744fb2","0.112","","","","","en","1.1","","","","","","https://staging.experienceecuador.com/recommendations/members/amazon/tena/las-nubes/","2026-10-02 09:27:19"
"https://staging.experienceecuador.com/recommendations/members/andes/choco-andino/hacienda-verde-niebla/","https://staging.experienceecuador.com/recommendations/members/andes/choco-andino/hacienda-verde-niebla/","text/html; charset=utf-8","200","OK","Non-Indexable","Canonicalised,noindex","Hacienda Verde Niebla | Chocó Andino Coffee Farm","48","459","Stay at Hacienda Verde Niebla for coffee tours, birdwatching, waterfalls and a nature-focused Chocó Andino farm stay.","117","735","","0","Hacienda Verde Niebla","21","A coffee farm stay in Chocó Andino","34","Why travelers choose Hacienda Verde Niebla","42","index,follow","noindex, nofollow, noarchive, nosnippet","","https://experienceecuador.com/recommendations/members/andes/choco-andino/hacienda-verde-niebla/","","","","","","41981","8643","8643","1.281","","927","131","7.076","49.709","Hard","14.886","0","5","","1","1","0","0.470","23","15","0","6","2","0","","","","","f313471543a7cfba0be5ad3dd219d41e","0.118","","","","","en","1.1","","","","","","https://staging.experienceecuador.com/recommendations/members/andes/choco-andino/hacienda-verde-niebla/","2026-10-02 09:27:19"
"https://staging.experienceecuador.com/recommendations/members/andes/choco-andino/the-cloud-forest-retreat/","https://staging.experienceecuador.com/recommendations/members/andes/choco-andino/the-cloud-forest-retreat/","text/html; charset=utf-8","200","OK","Non-Indexable","Canonicalised,noindex","The Cloud Forest Retreat | Chocó Andino Lodge","45","421","Stay at The Cloud Forest Retreat near Quito for canopy walks, mountain views and an immersive Chocó Andino nature escape.","121","779","","0","The Cloud Forest Retreat","24","A cloud forest lodge stay in Ecuador's Chocó Andino","51","Why The Cloud Forest Retreat stands out in Chocó Andino, Ecuador","64","index,follow","noindex, nofollow, noarchive, nosnippet","","https://experienceecuador.com/recommendations/members/andes/choco-andino/the-cloud-forest-retreat/","","","","","","37610","7900","7900","1.171","","1008","134","7.522","54.003","Fairly Hard","17.694","0","5","","3","3","0","1.410","20","14","0","5","3","0","","","","","ab9cfe0e435797878836951aeda40af2","0.123","","","","","en","1.1","","","","","","https://staging.experienceecuador.com/recommendations/members/andes/choco-andino/the-cloud-forest-retreat/","2026-10-02 09:27:19"
"https://staging.experienceecuador.com/recommendations/members/andes/mindo/mindo-bird-watching/","https://staging.experienceecuador.com/recommendations/members/andes/mindo/mindo-bird-watching/","text/html; charset=utf-8","200","OK","Non-Indexable","Canonicalised,noindex","Mindo Bird Watching | Guided Birding Tours in Mindo","51","466","Book Mindo Bird Watching in Mindo, Ecuador for guided cloud forest birding tours with wildlife, waterfalls, local guides, and nature routes.","140","847","","0","Mindo Bird Watching","19","Guided birdwatching in Mindo's cloud forest","43","Why Mindo Bird Watching stands out in Mindo, Ecuador","52","index,follow","noindex, nofollow, noarchive, nosnippet","","https://experienceecuador.com/recommendations/members/andes/mindo/mindo-bird-watching/","","","","","","43850","9464","9464","1.403","","1146","164","6.988","47.005","Hard","18.242","0","5","","3","3","0","1.410","23","15","0","5","3","0","","","","","8779b224ed9ccf254ee08d4a8db6a4c1","0.135","","","","","en","1.1","","","","","","https://staging.experienceecuador.com/recommendations/members/andes/mindo/mindo-bird-watching/","2026-10-02 09:27:19"
"https://staging.experienceecuador.com/recommendations/members/andes/mindo/mindo-glambird/","https://staging.experienceecuador.com/recommendations/members/andes/mindo/mindo-glambird/","text/html; charset=utf-8","200","OK","Non-Indexable","Canonicalised,noindex","Mindo Glambird | Cloud Forest Glamping in Mindo","47","442","Stay at Mindo Glambird for cloud-forest glamping, birdwatching, river views and a peaceful nature base near Mindo.","114","713","","0","MINDO GLAMBIRD","14","Overview","8","Why travelers choose MINDO GLAMBIRD","35","index,follow","noindex, nofollow, noarchive, nosnippet","","https://experienceecuador.com/recommendations/members/andes/mindo/mindo-glambird/","","","","","","34307","7593","7593","1.125","","749","116","6.457","47.233","Hard","15.097","0","5","","0","0","0","0.000","15","9","0","5","3","0","","","","","69b3f000856078fec67c0930cdf04a6e","0.045","","","","","en","1.1","","","","","","https://staging.experienceecuador.com/recommendations/members/andes/mindo/mindo-glambird/","2026-10-02 09:27:19"
"https://staging.experienceecuador.com/recommendations/members/andes/mindo/roca-mia/","https://staging.experienceecuador.com/recommendations/members/andes/mindo/roca-mia/","text/html; charset=utf-8","200","OK","Non-Indexable","Canonicalised,noindex","Roca Mía | Birdwatching Lodge in Mindo","38","354","Stay at Roca Mía in Mindo for riverside cabins, cloud-forest birding and access to the Andean cock-of-the-rock.","111","679","","0","Roca Mía","8","Quiet riverside lodging in Mindo","32","Birdwatching lodge with private reserve access","46","index,follow","noindex, nofollow, noarchive, nosnippet","","https://experienceecuador.com/recommendations/members/andes/mindo/roca-mia/","","","","","","41264","9035","9035","1.339","","1385","200","6.925","53.879","Fairly Hard","22.167","0","5","","0","0","0","0.000","17","12","0","5","3","0","","","","","129a9e16d1ecd673e2e8b2b0ac163f6b","0.049","","","","","en","1.1","","","","","","https://staging.experienceecuador.com/recommendations/members/andes/mindo/roca-mia/","2026-10-02 09:27:19"
"https://staging.experienceecuador.com/es/","https://staging.experienceecuador.com/es/","text/html; charset=utf-8","200","OK","Non-Indexable","Canonicalised,noindex","Guía de Ecuador | Regiones, rutas y experiencias","48","429","Explora Ecuador por regiones, experiencias y estilo de viaje con recomendaciones curadas y rutas realistas por Andes, Amazonía, Costa y Galápagos.","146","918","","0","Guía de Viaje por Ecuador","25","Una forma más inteligente de planificar Ecuador","47","Explora Ecuador por región","26","index,follow","noindex, nofollow, noarchive, nosnippet","","https://experienceecuador.com/es/","","","","","","49631","10803","10803","1.601","","1333","217","6.143","20.357","Very Hard","18.058","0","1","","5","5","0","2.350","48","25","0","0","0","0","","","","","d9c44a74f3f6b1e9129376a0d324020f","0.143","","","","","es","1.1","","","","","","https://staging.experienceecuador.com/es/","2026-10-02 09:27:22"
"https://staging.experienceecuador.com/es/sobre-nosotros/","https://staging.experienceecuador.com/es/sobre-nosotros/","text/html; charset=utf-8","200","OK","Non-Indexable","Canonicalised,noindex","Sobre Experience Ecuador | Planificación de viajes","50","446","Conoce cómo Experience Ecuador ayuda a planificar mejores rutas, comparar regiones y construir itinerarios más fuertes por Ecuador.","131","829","","0","Sobre Experience Ecuador","24","Lo que estamos construyendo","27","Explora Ecuador por región","26","index,follow","noindex, nofollow, noarchive, nosnippet","","https://experienceecuador.com/es/sobre-nosotros/","","","","","","12390","3682","3682","0.546","","263","46","5.717","17.357","Very Hard","14.450","0","2","","0","0","0","0.000","5","5","0","0","0","0","","","","","d69a71f0c88892e165647e7c7577c29d","0.033","","","","","es","1.1","","","","","","https://staging.experienceecuador.com/es/sobre-nosotros/","2026-10-02 09:27:20"
"https://staging.experienceecuador.com/es/mision/","https://staging.experienceecuador.com/es/mision/","text/html; charset=utf-8","200","OK","Non-Indexable","Canonicalised,noindex","Nuestra Misión | Experience Ecuador","35","325","Conoce la misión de Experience Ecuador: ayudar a planificar viajes por Ecuador con enfoque local, recomendaciones confiables y rutas claras.","140","873","","0","Nuestra Misión","14","Lo que defendemos","17","Explora por región","18","index,follow","noindex, nofollow, noarchive, nosnippet","","https://experienceecuador.com/es/mision/","","","","","","11947","3505","3505","0.519","","237","41","5.780","27.127","Very Hard","12.802","0","2","","0","0","0","0.000","5","5","0","0","0","0","","","","","45b7e1c392787f6e9e832a3e99171a2a","0.046","","","","","es","1.1","","","","","","https://staging.experienceecuador.com/es/mision/","2026-10-02 09:27:21"
"https://staging.experienceecuador.com/es/politica-de-privacidad/","https://staging.experienceecuador.com/es/politica-de-privacidad/","text/html; charset=utf-8","200","OK","Non-Indexable","Canonicalised,noindex","Política de Privacidad | Experience Ecuador","43","383","Política de Privacidad de Experience Ecuador: qué datos recopilamos, cómo los usamos y tus opciones de control.","111","699","","0","Política de Privacidad","22","Resumen","7","Detalles","8","index,follow","noindex, nofollow, noarchive, nosnippet","","https://experienceecuador.com/es/politica-de-privacidad/","","","","","","18542","5447","5447","0.807","","528","99","5.333","22.288","Very Hard","19.219","0","2","","5","4","0","1.880","10","7","0","0","0","0","","","","","d9439cb32c3086f9d04f785d84d67df0","0.041","","","","","es","1.1","","","","","","https://staging.experienceecuador.com/es/politica-de-privacidad/","2026-10-02 09:27:21"
"https://staging.experienceecuador.com/es/preguntas-frecuentes/","https://staging.experienceecuador.com/es/preguntas-frecuentes/","text/html; charset=utf-8","200","OK","Non-Indexable","Canonicalised,noindex","Preguntas Frecuentes Ecuador | Experience Ecuador","49","464","Encuentra respuestas rápidas sobre Experience Ecuador, planificación de viajes por Ecuador, regiones, experiencias, recomendados, alianzas y contacto.","150","941","","0","Preguntas Frecuentes Ecuador","28","Cómo funciona Experience Ecuador","32","Qué viene después","17","index,follow","noindex, nofollow, noarchive, nosnippet","","https://experienceecuador.com/es/preguntas-frecuentes/","","","","","","28081","6444","6444","0.955","","563","88","6.398","3.492","Very Hard","14.304","0","2","","5","5","0","2.350","14","7","0","0","0","0","","","","","39568a24f9d29a0bf75e792688a96e9","0.034","","","","","es","1.1","","","","","","https://staging.experienceecuador.com/es/preguntas-frecuentes/","2026-10-02 09:27:21"
"https://staging.experienceecuador.com/es/terminos-de-servicio/","https://staging.experienceecuador.com/es/terminos-de-servicio/","text/html; charset=utf-8","200","OK","Non-Indexable","Canonicalised,noindex","Términos de Servicio | Experience Ecuador","41","378","Consulta los Términos de Servicio de Experience Ecuador, incluyendo uso aceptable, enlaces a terceros, propiedad intelectual y limitaciones de responsabilidad.","159","978","","0","Términos de Servicio","20","Alcance","7","Tus responsabilidades","21","index,follow","noindex, nofollow, noarchive, nosnippet","","https://experienceecuador.com/es/terminos-de-servicio/","","","","","","17368","5065","5065","0.751","","395","67","5.896","7.021","Very Hard","16.142","0","2","","2","2","0","0.940","9","7","0","0","0","0","","","","","74e2fe24355be0da8a1b2131e022ec22","0.039","","","","","es","1.1","","","","","","https://staging.experienceecuador.com/es/terminos-de-servicio/","2026-10-02 09:27:20"
"https://staging.experienceecuador.com/es/terminos/","https://staging.experienceecuador.com/es/terminos/","text/html; charset=utf-8","200","OK","Non-Indexable","Canonicalised,noindex","Términos y Condiciones | Experience Ecuador","43","403","Lee los Términos y Condiciones de Experience Ecuador sobre uso aceptable, enlaces externos, derechos de contenido y responsabilidad.","132","836","","0","Términos y Condiciones","22","Uso de este sitio web","21","Información de viaje","20","index,follow","noindex, nofollow, noarchive, nosnippet","","https://experienceecuador.com/es/terminos/","","","","","","17646","5255","5255","0.779","","463","71","6.521","5.435","Very Hard","18.907","0","2","","2","2","0","0.940","9","7","0","0","0","0","","","","","b1ef180d0a1c8e261c407a457aa96ce0","0.034","","","","","es","1.1","","","","","","https://staging.experienceecuador.com/es/terminos/","2026-10-02 09:27:20"
"https://staging.experienceecuador.com/es/regiones/","https://staging.experienceecuador.com/es/regiones/","text/html; charset=utf-8","200","OK","Non-Indexable","Canonicalised,noindex","Regiones de Ecuador | Galápagos, Costa, Andes y Amazonía","56","531","Compara Galápagos, Costa, Andes y Amazonía para elegir destinos, conectar experiencias y planificar una ruta realista por Ecuador.","130","817","","0","Explora Ecuador por Región","26","¿Qué región de Ecuador deberías elegir?","39","Compara las regiones de Ecuador","31","index,follow","noindex, nofollow, noarchive, nosnippet","","https://experienceecuador.com/es/regiones/","","","","","","51577","10397","10397","1.541","","2199","312","7.048","30.981","Hard","27.100","0","2","","41","13","0","6.100","58","37","0","0","0","0","","","","","43f356a5feba723564daa9528347628","0.180","","","","","es","1.1","","","","","","https://staging.experienceecuador.com/es/regiones/","2026-10-02 09:27:21"
"https://staging.experienceecuador.com/es/regiones/galapagos/","https://staging.experienceecuador.com/es/regiones/galapagos/","text/html; charset=utf-8","200","OK","Non-Indexable","Canonicalised,noindex","Galápagos Ecuador | Islas, fauna y rutas","40","353","Explora Galápagos: compara Santa Cruz, San Cristóbal, Isabela y Floreana, fauna, traslados y estilos de viaje para planificar una ruta realista.","144","872","","0","Explora la región Galápagos de Ecuador","38","Por qué la región Galápagos se siente diferente","47","Aspectos clave de la región Galápagos","37","index,follow","noindex, nofollow, noarchive, nosnippet","","https://experienceecuador.com/es/regiones/galapagos/","","","","","","33387","7849","7849","1.163","","1477","209","7.067","33.784","Hard","27.933","0","3","","38","18","0","8.450","32","20","0","0","0","0","","","","","c4737d48fc28e411d23532e2a0a89841","0.150","","","","","es","1.1","","","","","","https://staging.experienceecuador.com/es/regiones/galapagos/","2026-10-02 09:27:20"
"https://staging.experienceecuador.com/es/regiones/galapagos/santa-cruz-island/","https://staging.experienceecuador.com/es/regiones/galapagos/santa-cruz-island/","text/html; charset=utf-8","200","OK","Non-Indexable","Canonicalised,noindex","Isla Santa Cruz | Puerto Ayora, fauna y playas","46","401","Planifica Santa Cruz con Puerto Ayora, Bahía Tortuga, fauna de tierras altas, excursiones y una base práctica de tres a cinco días.","131","799","","0","Isla Santa Cruz","15","Isla Santa Cruz de un vistazo","29","Por Qué la Isla Santa Cruz Funciona Tan Bien","44","index,follow","noindex, nofollow, noarchive, nosnippet","","https://experienceecuador.com/es/regiones/galapagos/santa-cruz-island/","","","","","","36386","7841","7841","1.162","","1655","219","7.557","44.891","Hard","27.580","0","4","","14","10","0","4.690","31","16","0","0","0","0","","","","","75e0bff70e2f7ca65e709840f01af843","0.182","","","","","es","1.1","","","","","","https://staging.experienceecuador.com/es/regiones/galapagos/santa-cruz-island/","2026-10-02 09:27:20"
"https://staging.experienceecuador.com/es/regiones/galapagos/san-cristobal-island/","https://staging.experienceecuador.com/es/regiones/galapagos/san-cristobal-island/","text/html; charset=utf-8","200","OK","Non-Indexable","Canonicalised,noindex","Isla San Cristóbal | Fauna y León Dormido","41","369","Planifica San Cristóbal con leones marinos, playas, excursiones a León Dormido y una base tranquila de tres a cuatro días.","122","753","","0","Isla San Cristóbal","18","Isla San Cristóbal de un vistazo","32","Por Qué la Isla San Cristóbal Funciona Tan Bien","47","index,follow","noindex, nofollow, noarchive, nosnippet","","https://experienceecuador.com/es/regiones/galapagos/san-cristobal-island/","","","","","","37982","7904","7904","1.171","","1629","215","7.577","45.473","Hard","26.320","0","4","","10","8","0","3.760","30","16","0","0","0","0","","","","","9c9075b45a798ca808fc768525d5e1a1","0.046","","","","","es","1.1","","","","","","https://staging.experienceecuador.com/es/regiones/galapagos/san-cristobal-island/","2026-10-02 09:27:20"
"https://staging.experienceecuador.com/es/regiones/galapagos/isabela-island/","https://staging.experienceecuador.com/es/regiones/galapagos/isabela-island/","text/html; charset=utf-8","200","OK","Non-Indexable","Canonicalised,noindex","Isla Isabela | Volcanes, fauna y playas","39","333","Planifica Isabela con volcanes, túneles de lava, fauna costera, playas y una estadía tranquila de tres a cinco días.","116","694","","0","Isla Isabela","12","Isla Isabela de un vistazo","26","Por Qué la Isla Isabela Funciona Tan Bien","41","index,follow","noindex, nofollow, noarchive, nosnippet","","https://experienceecuador.com/es/regiones/galapagos/isabela-island/","","","","","","37782","7975","7975","1.182","","1605","216","7.431","37.631","Hard","26.132","0","4","","11","9","0","4.230","30","16","0","0","0","0","","","","","39da99a35f134b1931930589fbfefd67","0.037","","","","","es","1.1","","","","","","https://staging.experienceecuador.com/es/regiones/galapagos/isabela-island/","2026-10-02 09:27:20"
"https://staging.experienceecuador.com/es/regiones/galapagos/floreana-island/","https://staging.experienceecuador.com/es/regiones/galapagos/floreana-island/","text/html; charset=utf-8","200","OK","Non-Indexable","Canonicalised,noindex","Isla Floreana | Historia, fauna y rutas tranquilas","50","418","Planifica Floreana con Post Office Bay, historia, fauna y una ruta tranquila que aporta profundidad a un itinerario por Galápagos.","130","796","","0","Isla Floreana","13","Isla Floreana de un vistazo","27","Por Qué la Isla Floreana Funciona Tan Bien","42","index,follow","noindex, nofollow, noarchive, nosnippet","","https://experienceecuador.com/es/regiones/galapagos/floreana-island/","","","","","","37782","7690","7690","1.140","","1538","213","7.221","40.977","Hard","25.066","0","4","","7","6","0","2.820","29","14","0","0","0","0","","","","","3046215d808644955cec52bd7ea31224","0.034","","","","","es","1.1","","","","","","https://staging.experienceecuador.com/es/regiones/galapagos/floreana-island/","2026-10-02 09:27:20"
"https://staging.experienceecuador.com/es/regiones/costa/","https://staging.experienceecuador.com/es/regiones/costa/","text/html; charset=utf-8","200","OK","Non-Indexable","Canonicalised,noindex","Costa de Ecuador | Playas, fauna y rutas","40","355","Explora la Costa de Ecuador: compara Guayaquil, Puerto López, Ruta del Sol, playas, gastronomía y fauna marina para diseñar una ruta realista.","142","890","","0","Explora la región Costa de Ecuador","34","Por qué la Costa de Ecuador se siente diferente","47","Aspectos clave de la región Costa","33","index,follow","noindex, nofollow, noarchive, nosnippet","","https://experienceecuador.com/es/regiones/costa/","","","","","","39262","8413","8413","1.247","","1610","218","7.385","39.387","Hard","25.071","0","3","","46","20","0","9.390","32","18","0","0","0","0","","","","","ee8e84310d923fd24d7d051363d86427","0.173","","","","","es","1.1","","","","","","https://staging.experienceecuador.com/es/regiones/costa/","2026-10-02 09:27:21"
"https://staging.experienceecuador.com/es/regiones/costa/guayaquil/","https://staging.experienceecuador.com/es/regiones/costa/guayaquil/","text/html; charset=utf-8","200","OK","Non-Indexable","Canonicalised,noindex","Guayaquil Ecuador | Malecón, comida y rutas costeras","52","478","Planifica Guayaquil con el Malecón 2000, Las Peñas, comida local, conexión con el aeropuerto y una parada costera de una a dos noches.","134","847","","0","Guayaquil","9","Guayaquil de un vistazo","23","Por Qué Guayaquil Funciona Tan Bien","35","index,follow","noindex, nofollow, noarchive, nosnippet","","https://experienceecuador.com/es/regiones/costa/guayaquil/","","","","","","36433","7717","7717","1.144","","1556","211","7.374","46.733","Hard","25.959","0","4","","13","9","0","4.230","29","16","0","0","0","0","","","","","2f4b6e2bf7109f95dfde57c39f55cc29","0.044","","","","","es","1.1","","","","","","https://staging.experienceecuador.com/es/regiones/costa/guayaquil/","2026-10-02 09:27:21"
"https://staging.experienceecuador.com/es/regiones/costa/salinas/","https://staging.experienceecuador.com/es/regiones/costa/salinas/","text/html; charset=utf-8","200","OK","Non-Indexable","Canonicalised,noindex","Salinas Ecuador | Playas y península de Santa Elena","51","459","Planifica Salinas con playas, malecón, excursiones por la península de Santa Elena y una estadía costera de dos a tres noches.","126","777","","0","Salinas","7","Salinas de un vistazo","21","Por Qué Salinas Funciona Tan Bien","33","index,follow","noindex, nofollow, noarchive, nosnippet","","https://experienceecuador.com/es/regiones/costa/salinas/","","","","","","35478","7609","7609","1.128","","1572","215","7.312","47.543","Hard","26.536","0","4","","13","8","0","3.760","28","15","0","0","0","0","","","","","1a9d208dd47ed52095e46571da0ee10c","0.105","","","","","es","1.1","","","","","","https://staging.experienceecuador.com/es/regiones/costa/salinas/","2026-10-02 09:27:21"
"https://staging.experienceecuador.com/es/regiones/costa/montanita/","https://staging.experienceecuador.com/es/regiones/costa/montanita/","text/html; charset=utf-8","200","OK","Non-Indexable","Canonicalised,noindex","Montañita Ecuador | Surf, playas y vida nocturna","48","426","Planifica Montañita con surf, playas, atardeceres, vida nocturna y una parada flexible de dos a cuatro noches en la Costa del Ecuador.","134","825","","0","Montañita","9","Montañita de un vistazo","23","Por Qué Montañita Funciona Tan Bien","35","index,follow","noindex, nofollow, noarchive, nosnippet","","https://experienceecuador.com/es/regiones/costa/montanita/","","","","","","35945","7739","7739","1.147","","1600","217","7.373","44.322","Hard","26.935","0","4","","13","9","0","4.230","29","14","0","0","0","0","","","","","60ff51ab4ec610fa58621d24566475d6","0.098","","","","","es","1.1","","","","","","https://staging.experienceecuador.com/es/regiones/costa/montanita/","2026-10-02 09:27:21"
"https://staging.experienceecuador.com/es/regiones/costa/puerto-lopez/","https://staging.experienceecuador.com/es/regiones/costa/puerto-lopez/","text/html; charset=utf-8","200","OK","Non-Indexable","Canonicalised,noindex","Puerto López Ecuador | Naturaleza, playas y botes","49","444","Planifica Puerto López con Isla de la Plata, paseos en bote, fauna, playas cercanas y una estadía natural de dos a tres noches.","127","777","","0","Puerto López","12","Puerto López de un vistazo","26","Por Qué Puerto López Funciona Tan Bien","38","index,follow","noindex, nofollow, noarchive, nosnippet","","https://experienceecuador.com/es/regiones/costa/puerto-lopez/","","","","","","35887","7634","7634","1.131","","1608","217","7.410","48.002","Hard","26.905","0","4","","15","10","0","4.690","27","15","0","0","0","0","","","","","d271a42bd9f121fc9bb657fcc13f3592","0.101","","","","","es","1.1","","","","","","https://staging.experienceecuador.com/es/regiones/costa/puerto-lopez/","2026-10-02 09:27:21"
"https://staging.experienceecuador.com/es/regiones/costa/la-ruta-del-sol/","https://staging.experienceecuador.com/es/regiones/costa/la-ruta-del-sol/","text/html; charset=utf-8","200","OK","Non-Indexable","Canonicalised,noindex","Ruta del Sol Ecuador | Playas, surf y ruta costera","50","428","Planifica la Ruta del Sol con pueblos de playa, surf, mariscos, atardeceres y una ruta flexible de tres a siete días entre Santa Elena y Manabí.","144","856","","0","La Ruta del Sol","15","La Ruta del Sol de un vistazo","29","Por Qué La Ruta del Sol Funciona Tan Bien","41","index,follow","noindex, nofollow, noarchive, nosnippet","","https://experienceecuador.com/es/regiones/costa/la-ruta-del-sol/","","","","","","36157","7775","7775","1.152","","1602","213","7.521","50.438","Fairly Hard","25.924","0","4","","7","4","0","1.880","30","12","0","0","0","0","","","","","20b28f503d360e381651ee846087c32e","0.038","","","","","es","1.1","","","","","","https://staging.experienceecuador.com/es/regiones/costa/la-ruta-del-sol/","2026-10-02 09:27:21"
"https://staging.experienceecuador.com/es/regiones/andes/quito/","https://staging.experienceecuador.com/es/regiones/andes/quito/","text/html; charset=utf-8","200","OK","Non-Indexable","Canonicalised,noindex","Quito | Guía de la capital andina en Ecuador","44","386","Planifica Quito como la capital andina del Ecuador para cultura, miradores, mercados y excursiones fáciles, con estadías flexibles de 1 a 3 días.","145","878","","0","Quito, Ecuador","14","Quito de un vistazo","19","Por Qué Quito Funciona Tan Bien","31","index,follow","noindex, nofollow, noarchive, nosnippet","","https://experienceecuador.com/es/regiones/andes/quito/","","","","","","36669","7733","7733","1.146","","1512","210","7.200","45.378","Hard","24.785","0","4","","66","31","0","14.550","27","15","0","0","0","0","","","","","8ab84175a15c6023912e0556c734e0fa","0.106","","","","","es","1.1","","","","","","https://staging.experienceecuador.com/es/regiones/andes/quito/","2026-10-02 09:27:21"
"https://staging.experienceecuador.com/es/regiones/andes/quito/1-dia/","https://staging.experienceecuador.com/es/regiones/andes/quito/1-dia/","text/html; charset=utf-8","200","OK","Non-Indexable","Canonicalised,noindex","Quito en 1 día | Un plan urbano andino claro y bien llevado","59","512","Planifica un día en Quito con centro histórico, un sitio cultural, un gran mirador y tiempos realistas para una primera visita.","127","752","","0","Quito en 1 día","14","Para Qué Sirve Este Plan de Quito en 1 Día","42","Por Qué Quito Funciona Tan Bien en Un Solo Día","46","index,follow","noindex, nofollow, noarchive, nosnippet","","https://experienceecuador.com/es/regiones/andes/quito/1-dia/","","","","","","34683","7647","7647","1.133","","1523","209","7.287","51.180","Fairly Hard","25.561","0","5","","6","4","0","1.880","28","15","0","0","0","0","","","","","cb7d14f28e73dfc9911c7eb3bf8381fb","0.125","","","","","es","1.1","","","","","","https://staging.experienceecuador.com/es/regiones/andes/quito/1-dia/","2026-10-02 09:27:21"
"https://staging.experienceecuador.com/es/regiones/andes/quito/2-dias/","https://staging.experienceecuador.com/es/regiones/andes/quito/2-dias/","text/html; charset=utf-8","200","OK","Non-Indexable","Canonicalised,noindex","Quito en 2 días | Un plan andino equilibrado en Ecuador","55","488","Planifica dos días en Quito con centro histórico, miradores, Mitad del Mundo y una segunda jornada flexible sin correr.","119","725","","0","Quito en 2 días","15","Para Qué Sirve Este Plan de Quito en 2 Días","43","Por Qué Dos Días Es Un Formato Tan Fuerte para Quito","52","index,follow","noindex, nofollow, noarchive, nosnippet","","https://experienceecuador.com/es/regiones/andes/quito/2-dias/","","","","","","36384","8561","8561","1.269","","1785","230","7.761","56.062","Fairly Hard","27.833","0","5","","7","4","0","1.880","26","15","0","0","0","0","","","","","7eebb1d0398fa408f028222d6f8ccdc4","0.160","","","","","es","1.1","","","","","","https://staging.experienceecuador.com/es/regiones/andes/quito/2-dias/","2026-10-02 09:27:21"
"https://staging.experienceecuador.com/es/regiones/andes/quito/3-dias/","https://staging.experienceecuador.com/es/regiones/andes/quito/3-dias/","text/html; charset=utf-8","200","OK","Non-Indexable","Canonicalised,noindex","Quito en 3 días | Una estadía andina completa en Ecuador","56","512","Planifica tres días en Quito con centro histórico, miradores, Mitad del Mundo y una excursión andina realista.","110","669","","0","Quito en 3 días","15","Para Qué Sirve Este Plan de Quito en 3 Días","43","Por Qué Tres Días Es la Estadía Corta Más Completa en Quito","59","index,follow","noindex, nofollow, noarchive, nosnippet","","https://experienceecuador.com/es/regiones/andes/quito/3-dias/","","","","","","37846","8593","8593","1.273","","1849","239","7.736","58.059","Fairly Hard","27.935","0","5","","7","4","0","1.880","26","14","0","0","0","0","","","","","aa6bca485010944b086347eb16dc54f1","0.048","","","","","es","1.1","","","","","","https://staging.experienceecuador.com/es/regiones/andes/quito/3-dias/","2026-10-02 09:27:21"
"https://staging.experienceecuador.com/es/regiones/andes/mindo/","https://staging.experienceecuador.com/es/regiones/andes/mindo/","text/html; charset=utf-8","200","OK","Non-Indexable","Canonicalised,noindex","Mindo Ecuador Guía | Bosque Nublado, Aves y Cascadas","52","497","Explora Mindo, Ecuador con aves de bosque nublado, cascadas, chocolate, naturaleza y acceso fácil desde Quito.","110","699","","0","Mindo, Ecuador","14","Para Qué Sirve Mejor Mindo","26","Por Qué Mindo Destaca","21","index,follow","noindex, nofollow, noarchive, nosnippet","","https://experienceecuador.com/es/regiones/andes/mindo/","","","","","","36352","7859","7859","1.165","","1467","214","6.855","40.250","Hard","24.902","0","4","","64","34","0","15.960","27","15","0","0","0","0","","","","","1d3d5734f6336f08c7ed7ec9fc52f8dc","0.034","","","","","es","1.1","","","","","","https://staging.experienceecuador.com/es/regiones/andes/mindo/","2026-10-02 09:27:21"
"https://staging.experienceecuador.com/es/regiones/andes/cuenca/","https://staging.experienceecuador.com/es/regiones/andes/cuenca/","text/html; charset=utf-8","200","OK","Non-Indexable","Canonicalised,noindex","Cuenca Ecuador | Cultura y excursiones andinas","46","425","Planifica tu viaje a Cuenca, Ecuador con calles coloniales, mercados artesanales, museos, cultura de café, gran comida y salidas fáciles por los Andes del sur.","159","965","","0","Cuenca, Ecuador","15","Para Qué Sirve Mejor Cuenca","27","Por Qué Cuenca Destaca","22","index,follow","noindex, nofollow, noarchive, nosnippet","","https://experienceecuador.com/es/regiones/andes/cuenca/","","","","","","36740","7668","7668","1.136","","1411","215","6.563","36.670","Hard","24.079","0","4","","12","6","0","2.820","25","13","0","0","0","0","","","","","c7825360846a2060035fbca6f56e816e","0.138","","","","","es","1.1","","","","","","https://staging.experienceecuador.com/es/regiones/andes/cuenca/","2026-10-02 09:27:21"
"https://staging.experienceecuador.com/es/regiones/andes/cotopaxi/","https://staging.experienceecuador.com/es/regiones/andes/cotopaxi/","text/html; charset=utf-8","200","OK","Non-Indexable","Canonicalised,noindex","Cotopaxi Ecuador | Volcán, páramo y rutas","41","375","Planifica Cotopaxi con vistas del volcán, senderos de páramo, paisajes de altura y una excursión o noche andina desde Quito.","124","771","","0","Cotopaxi, Ecuador","17","Para Qué Sirve Mejor Cotopaxi","29","Por Qué Cotopaxi Destaca","24","index,follow","noindex, nofollow, noarchive, nosnippet","","https://experienceecuador.com/es/regiones/andes/cotopaxi/","","","","","","36204","7892","7892","1.170","","1452","215","6.753","37.655","Hard","24.953","0","4","","30","21","0","9.860","31","13","0","0","0","0","","","","","316c6e4aa971dd122e5766d5489c8245","0.161","","","","","es","1.1","","","","","","https://staging.experienceecuador.com/es/regiones/andes/cotopaxi/","2026-10-02 09:27:21"
"https://staging.experienceecuador.com/es/regiones/andes/banos/","https://staging.experienceecuador.com/es/regiones/andes/banos/","text/html; charset=utf-8","200","OK","Non-Indexable","Canonicalised,noindex","Baños Ecuador | Cascadas, aventura y aguas termales","51","480","Planifica tu viaje a Baños, Ecuador con ruta de cascadas, miradores, actividades de aventura, aguas termales y un flujo andino claro de 2 a 3 noches.","149","916","","0","Baños, Ecuador","14","Para Qué Sirve Mejor Baños","26","Por Qué Baños Destaca","21","index,follow","noindex, nofollow, noarchive, nosnippet","","https://experienceecuador.com/es/regiones/andes/banos/","","","","","","37517","7900","7900","1.171","","1431","211","6.782","39.383","Hard","23.538","0","4","","17","10","0","4.690","29","14","0","0","0","0","","","","","6e6418ec7f789817096feea8597e9087","0.216","","","","","es","1.1","","","","","","https://staging.experienceecuador.com/es/regiones/andes/banos/","2026-10-02 09:27:21"
"https://staging.experienceecuador.com/es/regiones/andes/papallacta/","https://staging.experienceecuador.com/es/regiones/andes/papallacta/","text/html; charset=utf-8","200","OK","Non-Indexable","Canonicalised,noindex","Papallacta Ecuador | Aguas termales cerca de Quito","50","462","Planifica tu viaje a Papallacta, Ecuador con aguas termales, paisaje de páramo, excursiones de bienestar y una pausa andina muy fácil cerca de Quito.","149","924","","0","Papallacta, Ecuador","19","Para Qué Sirve Mejor Papallacta","31","Por Qué Papallacta Destaca","26","index,follow","noindex, nofollow, noarchive, nosnippet","","https://experienceecuador.com/es/regiones/andes/papallacta/","","","","","","35935","7661","7661","1.135","","1432","215","6.660","39.914","Hard","24.732","0","4","","6","4","0","1.880","27","13","0","0","0","0","","","","","9bffec30b12bd5bff454f4cfea5076bd","0.037","","","","","es","1.1","","","","","","https://staging.experienceecuador.com/es/regiones/andes/papallacta/","2026-10-02 09:27:21"
"https://staging.experienceecuador.com/es/regiones/andes/choco-andino/","https://staging.experienceecuador.com/es/regiones/andes/choco-andino/","text/html; charset=utf-8","200","OK","Non-Indexable","Canonicalised,noindex","Chocó Andino Ecuador | Bosque nublado, aves y rutas","51","473","Explora el Chocó Andino con bosque nublado, aves, cascadas, alojamientos y rutas de uno a tres días cerca de Quito.","115","720","","0","Chocó Andino, Ecuador","21","Para Qué Sirve Mejor el Chocó Andino","36","Por Qué el Chocó Andino Destaca","31","index,follow","noindex, nofollow, noarchive, nosnippet","","https://experienceecuador.com/es/regiones/andes/choco-andino/","","","","","","37960","8469","8469","1.255","","1570","227","6.916","40.853","Hard","25.586","0","4","","26","15","0","7.040","30","16","0","0","0","0","","","","","3f17439777e69f48615b3bbe3c9c372e","0.034","","","","","es","1.1","","","","","","https://staging.experienceecuador.com/es/regiones/andes/choco-andino/","2026-10-02 09:27:21"
"https://staging.experienceecuador.com/es/regiones/amazonia/tena/","https://staging.experienceecuador.com/es/regiones/amazonia/tena/","text/html; charset=utf-8","200","OK","Non-Indexable","Canonicalised,noindex","Tena Ecuador | Rafting, lodges y rutas amazónicas","49","447","Planifica Tena con rafting, lodges, senderos de selva y una ruta amazónica realista de dos a cuatro días desde Quito.","117","718","","0","Tena, Ecuador","13","Para Qué Sirve Mejor Tena","25","Por Qué Tena Destaca","20","index,follow","noindex, nofollow, noarchive, nosnippet","","https://experienceecuador.com/es/regiones/amazonia/tena/","","","","","","42095","7707","7707","1.142","","1477","214","6.902","43.804","Hard","21.455","0","4","","24","11","0","5.160","27","11","0","0","0","0","","","","","ff35eb7d9ca57e56915af8a590fea17c","0.047","","","","","es","1.1","","","","","","https://staging.experienceecuador.com/es/regiones/amazonia/tena/","2026-10-02 09:27:21"
"https://staging.experienceecuador.com/es/regiones/amazonia/misahualli/","https://staging.experienceecuador.com/es/regiones/amazonia/misahualli/","text/html; charset=utf-8","200","OK","Non-Indexable","Canonicalised,noindex","Misahuallí Ecuador | Río, selva y rutas familiares","50","427","Planifica Misahuallí con ambiente ribereño, salidas de selva, cultura local y una ruta amazónica de uno a tres días cerca de Tena.","130","789","","0","Misahuallí, Ecuador","19","Para Qué Sirve Mejor Misahuallí","31","Por Qué Misahuallí Destaca","26","index,follow","noindex, nofollow, noarchive, nosnippet","","https://experienceecuador.com/es/regiones/amazonia/misahualli/","","","","","","43780","7821","7821","1.159","","1516","224","6.768","41.201","Hard","21.614","0","4","","17","8","0","3.760","28","11","0","0","0","0","","","","","67e4eb67173b681f268729d4f01f1fe9","0.101","","","","","es","1.1","","","","","","https://staging.experienceecuador.com/es/regiones/amazonia/misahualli/","2026-10-02 09:27:21"
"https://staging.experienceecuador.com/es/regiones/amazonia/parque-nacional-yasuni/","https://staging.experienceecuador.com/es/regiones/amazonia/parque-nacional-yasuni/","text/html; charset=utf-8","200","OK","Non-Indexable","Canonicalised,noindex","Parque Nacional Yasuní | Lodges, fauna y ríos","45","404","Planifica Yasuní con lodges de selva profunda, fauna, navegación fluvial y una ruta amazónica de cuatro a siete días.","117","720","","0","Parque Nacional Yasuní, Ecuador","31","Para Qué Sirve Mejor el Parque Nacional Yasuní","46","Por Qué Parque Nacional Yasuní Destaca","38","index,follow","noindex, nofollow, noarchive, nosnippet","","https://experienceecuador.com/es/regiones/amazonia/parque-nacional-yasuni/","","","","","","44197","8238","8238","1.221","","1658","228","7.272","42.398","Hard","23.203","0","4","","18","10","0","4.690","28","11","0","0","0","0","","","","","3424f683596c07167e7f009c14e69cfa","0.120","","","","","es","1.1","","","","","","https://staging.experienceecuador.com/es/regiones/amazonia/parque-nacional-yasuni/","2026-10-02 09:27:21"
"https://staging.experienceecuador.com/es/experiencias/avistamiento/mindo/","https://staging.experienceecuador.com/es/experiencias/avistamiento/mindo/","text/html; charset=utf-8","200","OK","Non-Indexable","Canonicalised,noindex","Avistamiento de aves en Mindo | Bosque nublado","46","437","Planifica aves en Mindo con hábitats de bosque nublado, guías locales, salidas al amanecer y acceso a servicios especializados.","127","786","","0","Avistamiento en Mindo","21","Avistamiento en Mindo de un vistazo","35","Por qué Mindo funciona tan bien para la observación de aves","59","index,follow","noindex, nofollow, noarchive, nosnippet","","https://experienceecuador.com/es/experiencias/avistamiento/mindo/","","","","","","34079","7479","7479","1.108","","1397","194","7.201","35.110","Hard","25.708","0","4","","4","3","0","1.410","23","12","0","0","0","0","","","","","3312e3f7cf34f85a39e115cf455373be","0.038","","","","","es","1.1","","","","","","https://staging.experienceecuador.com/es/experiencias/avistamiento/mindo/","2026-10-02 09:27:22"
"https://staging.experienceecuador.com/es/experiencias/avistamiento/quito/","https://staging.experienceecuador.com/es/experiencias/avistamiento/quito/","text/html; charset=utf-8","200","OK","Non-Indexable","Canonicalised,noindex","Avistamiento de aves en Quito | Hábitats andinos","48","439","Planifica aves en Quito con hábitats altoandinos, excursiones accesibles, horarios prácticos y conexión hacia el bosque nublado de Mindo.","137","851","","0","Avistamiento en Quito","21","Avistamiento en Quito de un vistazo","35","Por qué Quito funciona bien para el avistamiento","48","index,follow","noindex, nofollow, noarchive, nosnippet","","https://experienceecuador.com/es/experiencias/avistamiento/quito/","","","","","","35195","7397","7397","1.096","","1498","202","7.416","34.118","Hard","26.780","0","4","","1","1","0","0.470","23","12","0","0","0","0","","","","","f5c6d90b58f485382f460383d3e2dc9","0.172","","","","","es","1.1","","","","","","https://staging.experienceecuador.com/es/experiencias/avistamiento/quito/","2026-10-02 09:27:22"
"https://staging.experienceecuador.com/es/planificador-de-viajes/","https://staging.experienceecuador.com/es/planificador-de-viajes/","text/html; charset=utf-8","200","OK","Non-Indexable","Canonicalised,noindex","Planificador Ecuador | Itinerario Personalizado","47","411","Planifica tu viaje a Ecuador con un itinerario personalizado por Andes, Amazonía, Costa y Galápagos según duración y estilo de viaje.","133","818","","0","Crea tu itinerario personalizado por Ecuador","44","Crea un itinerario personalizado por Ecuador","44","Tu itinerario sugerido","22","index,follow","noindex, nofollow, noarchive, nosnippet","","https://experienceecuador.com/es/planificador-de-viajes/","","","","","","103217","22832","22832","3.384","","821","128","6.414","21.335","Very Hard","5.290","0","2","","269","88","0","41.310","18","13","0","0","0","0","","","","","47e14ffa13560664964d1a551bce3014","0.053","","","","","es","1.1","","","","","","https://staging.experienceecuador.com/es/planificador-de-viajes/","2026-10-02 09:27:21"
"https://staging.experienceecuador.com/es/aliados/","https://staging.experienceecuador.com/es/aliados/","text/html; charset=utf-8","200","OK","Non-Indexable","Canonicalised,noindex","Aliados de Experience Ecuador | Llega a más viajeros","52","472","Únete como aliado Explorer, Listed o Featured y conecta con viajeros que deciden dónde alojarse, qué hacer y a quién contactar en Ecuador.","138","860","","0","Conviértase en aliado de Experience Ecuador","43","Por qué unirse ahora","20","Cómo te descubren los viajeros","30","index,follow","noindex, nofollow, noarchive, nosnippet","","https://experienceecuador.com/es/aliados/","","","","","","28255","7643","7643","1.133","","1085","163","6.656","20.508","Very Hard","25.317","0","2","","2","2","0","0.940","11","7","0","0","0","0","","","","","8bcff9b4a5a941cb97761d569a8b90f1","0.053","","","","","es","1.1","","","","","","https://staging.experienceecuador.com/es/aliados/","2026-10-02 09:27:22"
"https://staging.experienceecuador.com/es/aliados/unirse/","https://staging.experienceecuador.com/es/aliados/unirse/","text/html; charset=utf-8","200","OK","Non-Indexable","Canonicalised,noindex","Unirse a Experience Ecuador | Aliados turísticos","48","422","Envíe la información de su negocio para unirse a Experience Ecuador y llegar a viajeros que planifican viajes por Ecuador.","122","742","","0","Únase a los aliados de Experience Ecuador","41","Para quién es","13","Qué enviará","11","index,follow","noindex, nofollow, noarchive, nosnippet","","https://experienceecuador.com/es/aliados/unirse/","","","","","","34764","8513","8513","1.262","","322","61","5.279","18.615","Very Hard","6.479","0","3","","0","0","0","0.000","6","6","0","1","1","0","","","","","b7bec950e66303174e41d48420ecd0ae","0.046","","","","","es","1.1","","","","","","https://staging.experienceecuador.com/es/aliados/unirse/","2026-10-02 09:27:22"
"https://staging.experienceecuador.com/es/recomendados/","https://staging.experienceecuador.com/es/recomendados/","text/html; charset=utf-8","200","OK","Non-Indexable","Canonicalised,noindex","Recomendados de Ecuador | Alojamientos, Tours y Servicios","57","535","Explora recomendados de Ecuador por región y categoría: alojamientos, tours, restaurantes, servicios y actividades seleccionadas.","129","804","","0","Mejores Recomendados de Ecuador","31","Explora recomendados destacados","31","","0","index,follow","noindex, nofollow, noarchive, nosnippet","","https://experienceecuador.com/es/recomendados/","","","","","","41628","9050","9050","1.341","","148","26","5.692","0.990","Very Hard","2.926","0","2","","262","61","0","28.640","9","9","0","0","0","0","","","","","331f666d2bfb68c25d5964ab61063d36","0.146","","","","","es","1.1","","","","","","https://staging.experienceecuador.com/es/recomendados/","2026-10-02 09:27:21"
"https://staging.experienceecuador.com/es/recomendados/miembros/andes/mindo/mindo-eco-chalet-river-and-waterfalls/","https://staging.experienceecuador.com/es/recomendados/miembros/andes/mindo/mindo-eco-chalet-river-and-waterfalls/","text/html; charset=utf-8","200","OK","Non-Indexable","Canonicalised,noindex","Mindo Eco Chalet | Estadía junto al río","39","335","Hospédate en Mindo Eco Chalet, un refugio con energía solar junto al río, cascadas y senderos de bosque nublado.","112","704","","0","Mindo Eco Chalet (Río y Cascadas)","33","Una estadía privada en chalet junto al río en Mindo","51","Por qué Mindo Eco Chalet destaca en Mindo, Ecuador","50","index,follow","noindex, nofollow, noarchive, nosnippet","","https://experienceecuador.com/es/recomendados/miembros/andes/mindo/mindo-eco-chalet-river-and-waterfalls/","","","","","","37786","8490","8490","1.258","","939","123","7.634","31.778","Hard","15.516","0","6","","1","1","0","0.470","12","8","0","3","2","0","","","","","bba8eea69510c9e77a2ba9babd455aa8","0.118","","","","","es","1.1","","","","","","https://staging.experienceecuador.com/es/recomendados/miembros/andes/mindo/mindo-eco-chalet-river-and-waterfalls/","2026-10-02 09:27:21"
"https://staging.experienceecuador.com/es/recomendados/miembros/andes/mindo/mindo-eco-suite-river-and-cascadita/","https://staging.experienceecuador.com/es/recomendados/miembros/andes/mindo/mindo-eco-suite-river-and-cascadita/","text/html; charset=utf-8","200","OK","Non-Indexable","Canonicalised,noindex","Mindo Eco Suite | Cabaña privada junto al río","45","396","Hospédate en Mindo Eco Suite, una cabaña privada junto al río con cocina, ducha exterior caliente, cascadas, bosque nublado y acceso al pueblo.","143","894","","0","Mindo Eco Suite Cabaña junto al Río","35","Una estadía en cabaña privada junto al río en Mindo","51","Por qué Mindo Eco Suite destaca en Mindo, Ecuador","49","index,follow","noindex, nofollow, noarchive, nosnippet","","https://experienceecuador.com/es/recomendados/miembros/andes/mindo/mindo-eco-suite-river-and-cascadita/","","","","","","38321","8574","8574","1.271","","983","132","7.447","27.408","Very Hard","16.188","0","6","","2","2","0","0.940","21","15","0","3","2","0","","","","","993ce37d6f7f281d4ad95cc40cfd5b91","0.037","","","","","es","1.1","","","","","","https://staging.experienceecuador.com/es/recomendados/miembros/andes/mindo/mindo-eco-suite-river-and-cascadita/","2026-10-02 09:27:21"
"https://staging.experienceecuador.com/es/recomendados/miembros/andes/mindo/mindo-glamping-yurt-river-and-cascadita/","https://staging.experienceecuador.com/es/recomendados/miembros/andes/mindo/mindo-glamping-yurt-river-and-cascadita/","text/html; charset=utf-8","200","OK","Non-Indexable","Canonicalised,noindex","Mindo Glamping Yurt | Naturaleza junto al río","45","400","Hospédate en Mindo Glamping Yurt, un yurt junto al río cerca de una pequeña cascada, con naturaleza, bosque nublado y acceso a Mindo.","133","852","","0","Mindo Glamping Yurt Junto al Río","32","Una estadía de glamping junto al río en Mindo","45","Por qué Mindo Glamping Yurt destaca en Mindo, Ecuador","53","index,follow","noindex, nofollow, noarchive, nosnippet","","https://experienceecuador.com/es/recomendados/miembros/andes/mindo/mindo-glamping-yurt-river-and-cascadita/","","","","","","35502","7811","7811","1.158","","994","133","7.474","29.964","Very Hard","17.756","0","6","","1","1","0","0.470","20","14","0","3","2","0","","","","","39c133dd3fd5bf6c9edadc8edc8056c7","0.051","","","","","es","1.1","","","","","","https://staging.experienceecuador.com/es/recomendados/miembros/andes/mindo/mindo-glamping-yurt-river-and-cascadita/","2026-10-02 09:27:21"
"https://staging.experienceecuador.com/es/recomendados/miembros/amazonia/tena/las-nubes/","https://staging.experienceecuador.com/es/recomendados/miembros/amazonia/tena/las-nubes/","text/html; charset=utf-8","200","OK","Non-Indexable","Canonicalised,noindex","Cabañas Las Nubes | Lodge Natural en Tena","41","395","Hospédate en Cabañas Las Nubes cerca de Tena, un lodge amazónico con cabañas, senderos, río, aviturismo y bosque nublado.","121","791","","0","Cabañas Las Nubes","17","Estadía en lodge de naturaleza en el borde del bosque nublado de Tena","69","Por qué Cabañas Las Nubes destaca en Tena, Ecuador","50","index,follow","noindex, nofollow, noarchive, nosnippet","","https://experienceecuador.com/es/recomendados/miembros/amazonia/tena/las-nubes/","","","","","","45524","10701","10701","1.586","","940","126","7.460","19.803","Very Hard","13.290","0","6","","1","1","0","0.470","20","13","0","6","3","0","","","","","2c464cb8c7bf1b23e74cb5600aa45c0a","0.039","","","","","es","1.1","","","","","","https://staging.experienceecuador.com/es/recomendados/miembros/amazonia/tena/las-nubes/","2026-10-02 09:27:21"
"https://staging.experienceecuador.com/es/recomendados/miembros/andes/choco-andino/hacienda-verde-niebla/","https://staging.experienceecuador.com/es/recomendados/miembros/andes/choco-andino/hacienda-verde-niebla/","text/html; charset=utf-8","200","OK","Non-Indexable","Canonicalised,noindex","Hacienda Verde Niebla | Finca de café en Chocó Andino","53","493","Hospédate en Hacienda Verde Niebla para disfrutar café, aviturismo, cascadas y naturaleza en una finca del Chocó Andino.","120","760","","0","Hacienda Verde Niebla","21","Descripción general","19","Más sobre la experiencia","24","index,follow","noindex, nofollow, noarchive, nosnippet","","https://experienceecuador.com/es/recomendados/miembros/andes/choco-andino/hacienda-verde-niebla/","","","","","","42674","8820","8820","1.307","","952","132","7.212","16.807","Very Hard","14.869","0","6","","1","1","0","0.470","23","15","0","6","2","0","","","","","153daba38567f5418d282977e24fc889","0.092","","","","","es","1.1","","","","","","https://staging.experienceecuador.com/es/recomendados/miembros/andes/choco-andino/hacienda-verde-niebla/","2026-10-02 09:27:21"
"https://staging.experienceecuador.com/es/recomendados/miembros/andes/choco-andino/the-cloud-forest-retreat/","https://staging.experienceecuador.com/es/recomendados/miembros/andes/choco-andino/the-cloud-forest-retreat/","text/html; charset=utf-8","200","OK","Non-Indexable","Canonicalised,noindex","The Cloud Forest Retreat | Lodge en Chocó Andino","48","448","Hospédate en The Cloud Forest Retreat cerca de Quito para disfrutar caminatas, vistas y naturaleza inmersiva en el Chocó Andino.","128","804","","0","The Cloud Forest Retreat","24","Una estadía en lodge de bosque nublado en el Chocó Andino del Ecuador","69","Por qué The Cloud Forest Retreat destaca en Chocó Andino, Ecuador","65","index,follow","noindex, nofollow, noarchive, nosnippet","","https://experienceecuador.com/es/recomendados/miembros/andes/choco-andino/the-cloud-forest-retreat/","","","","","","39009","8192","8192","1.214","","1171","147","7.966","29.694","Very Hard","19.104","0","6","","4","4","0","1.880","20","14","0","5","3","0","","","","","dbbfd0376ef43ceae7f53d10c02a6e0a","0.148","","","","","es","1.1","","","","","","https://staging.experienceecuador.com/es/recomendados/miembros/andes/choco-andino/the-cloud-forest-retreat/","2026-10-02 09:27:21"
"https://staging.experienceecuador.com/es/recomendados/miembros/andes/mindo/mindo-bird-watching/","https://staging.experienceecuador.com/es/recomendados/miembros/andes/mindo/mindo-bird-watching/","text/html; charset=utf-8","200","OK","Non-Indexable","Canonicalised,noindex","Mindo Bird Watching | Tours de Aviturismo en Mindo","50","466","Reserva Mindo Bird Watching en Mindo, Ecuador para tours guiados de aviturismo en bosque nublado con vida silvestre, cascadas y guías locales.","142","901","","0","Mindo Bird Watching","19","Aviturismo guiado en el bosque nublado de Mindo","47","Por qué Mindo Bird Watching destaca en Mindo, Ecuador","53","index,follow","noindex, nofollow, noarchive, nosnippet","","https://experienceecuador.com/es/recomendados/miembros/andes/mindo/mindo-bird-watching/","","","","","","45319","9788","9788","1.451","","1369","173","7.913","26.019","Very Hard","19.519","0","6","","3","3","0","1.410","23","15","0","5","3","0","","","","","7c95d47ab3932d8ee4837be9b012e361","0.114","","","","","es","1.1","","","","","","https://staging.experienceecuador.com/es/recomendados/miembros/andes/mindo/mindo-bird-watching/","2026-10-02 09:27:21"
"https://staging.experienceecuador.com/es/recomendados/miembros/andes/mindo/mindo-glambird/","https://staging.experienceecuador.com/es/recomendados/miembros/andes/mindo/mindo-glambird/","text/html; charset=utf-8","200","OK","Non-Indexable","Canonicalised,noindex","Mindo Glambird | Glamping en Bosque Nublado de Mindo","52","507","Hospédate en Mindo Glambird en Mindo, Ecuador, un glamping de bosque nublado con aviturismo, vistas al río, naturaleza y descanso.","130","831","","0","MINDO GLAMBIRD","14","Resumen","7","Por qué elegir Mindo Glambird","29","index,follow","noindex, nofollow, noarchive, nosnippet","","https://experienceecuador.com/es/recomendados/miembros/andes/mindo/mindo-glambird/","","","","","","35093","7901","7901","1.171","","866","124","6.984","28.983","Very Hard","15.828","0","6","","0","0","0","0.000","15","9","0","5","3","0","","","","","85135e0a744facab9886f62442872c45","0.037","","","","","es","1.1","","","","","","https://staging.experienceecuador.com/es/recomendados/miembros/andes/mindo/mindo-glambird/","2026-10-02 09:27:21"
"https://staging.experienceecuador.com/es/recomendados/miembros/andes/mindo/roca-mia/","https://staging.experienceecuador.com/es/recomendados/miembros/andes/mindo/roca-mia/","text/html; charset=utf-8","200","OK","Non-Indexable","Canonicalised,noindex","Roca Mía | Lodge de aviturismo en Mindo","39","366","Hospédate en Roca Mía para disfrutar cabañas junto al río, aviturismo de bosque nublado y acceso al gallo de la peña.","117","728","","0","Roca Mía","8","Alojamiento tranquilo junto al río en Mindo","43","Lodge de aviturismo con acceso a reserva privada","48","index,follow","noindex, nofollow, noarchive, nosnippet","","https://experienceecuador.com/es/recomendados/miembros/andes/mindo/roca-mia/","","","","","","42546","9204","9204","1.364","","1618","201","8.050","37.360","Hard","23.110","0","6","","0","0","0","0.000","17","11","0","5","3","0","","","","","6c20a316469e203c6627c3014649a55","0.047","","","","","es","1.1","","","","","","https://staging.experienceecuador.com/es/recomendados/miembros/andes/mindo/roca-mia/","2026-10-02 09:27:21"
"https://staging.experienceecuador.com/blog/","https://staging.experienceecuador.com/blog/","text/html; charset=utf-8","200","OK","Non-Indexable","Canonicalised,noindex","Ecuador Travel Blog | Guides, Itineraries & Planning Tips","57","496","Read Ecuador travel guides, itinerary ideas, destination advice, and practical planning tips.","93","555","","0","Ecuador Travel Blog","19","Ecuador Travel Guides and Planning Articles","43","All Ecuador Blog Articles","25","index,follow","noindex, nofollow, noarchive, nosnippet","","https://experienceecuador.com/blog/","","","","","","26514","5353","5353","0.793","","792","138","5.739","57.873","Fairly Hard","18.808","0","1","","1","1","0","0.470","47","28","0","0","0","0","","","","","543cb0800a0abb9b946a865c5315dcf7","0.043","","","","","en","1.1","","","","","","https://staging.experienceecuador.com/blog/","2026-10-02 09:27:23"
"https://staging.experienceecuador.com/es/blog/","https://staging.experienceecuador.com/es/blog/","text/html; charset=utf-8","200","OK","Non-Indexable","Canonicalised,noindex","Blog de Viajes por Ecuador | Guías, Itinerarios y Consejos","58","503","Lee guías de viaje por Ecuador, ideas de itinerarios, consejos para elegir destinos y recomendaciones prácticas para planificar mejor tu ruta.","142","858","","0","Blog de Viajes por Ecuador","26","Guías de Viaje y Artículos para Planificar Ecuador","50","Todos los Artículos del Blog de Ecuador","39","index,follow","noindex, nofollow, noarchive, nosnippet","","https://experienceecuador.com/es/blog/","","","","","","27909","5761","5761","0.854","","933","153","6.098","31.083","Hard","21.086","0","2","","2","1","0","0.470","47","22","0","0","0","0","","","","","30fc5ccb4203b337222bd571acb54014","0.030","","","","","es","1.1","","","","","","https://staging.experienceecuador.com/es/blog/","2026-10-02 09:27:22"
"https://staging.experienceecuador.com/spotlights/","https://staging.experienceecuador.com/spotlights/","text/html; charset=utf-8","200","OK","Non-Indexable","Canonicalised,noindex","Ecuador Travel Spotlights | Events & Seasonal Highlights","56","502","Discover Ecuador travel spotlights with seasonal events, wildlife moments, planning windows, and trip ideas across the Andes, Amazon, Coast, and Galápagos.","155","980","","0","Ecuador Travel Spotlights Events & Seasonal Highlights","54","Featured Spotlights","19","Plan with seasonal Ecuador travel insights","42","index,follow","noindex, nofollow, noarchive, nosnippet","","https://experienceecuador.com/spotlights/","","","","","","35601","8226","8226","1.219","","537","103","5.214","77.243","Fairly Easy","9.024","0","1","","4","1","0","0.470","21","11","0","0","0","0","","","","","883e0457b0d2703550e2db72f5815eab","0.033","","","","","en","1.1","","","","","","https://staging.experienceecuador.com/spotlights/","2026-10-02 09:27:18"
"https://staging.experienceecuador.com/best-things-to-do-in-ecuador/","https://staging.experienceecuador.com/best-things-to-do-in-ecuador/","text/html; charset=utf-8","200","OK","Non-Indexable","Canonicalised,noindex","Best Things to Do in Ecuador | Top Experiences by Region","56","508","Discover the best things to do in Ecuador across the Andes, Amazon, Coast, and Galápagos with smarter route planning.","117","743","","0","Best Things to Do in Ecuador","28","Best Things to Do in Ecuador by Region","38","Best Things to Do in Ecuador by Travel Style","44","index,follow","noindex, nofollow, noarchive, nosnippet","","https://experienceecuador.com/best-things-to-do-in-ecuador/","","","","","","26137","6026","6026","0.893","","969","144","6.729","65.727","Normal","23.269","0","1","","10","7","0","3.290","27","14","0","0","0","0","","","","","a4778b7208411bd5f5be59ad98ccfab8","0.114","","","","","en","1.1","","","","","","https://staging.experienceecuador.com/best-things-to-do-in-ecuador/","2026-10-02 09:27:23"
"https://staging.experienceecuador.com/ecuador-amazon-lodges/","https://staging.experienceecuador.com/ecuador-amazon-lodges/","text/html; charset=utf-8","200","OK","Non-Indexable","Canonicalised,noindex","Ecuador Amazon Lodges | Jungle Stays & Wildlife","47","439","Compare the best Ecuador Amazon lodges for wildlife, rainforest access, and smarter trip planning.","98","611","","0","Ecuador Amazon Lodges","21","How to Think About Ecuador Amazon Lodges","40","How to Choose the Right Ecuador Amazon Lodge","44","index,follow","noindex, nofollow, noarchive, nosnippet","","https://experienceecuador.com/ecuador-amazon-lodges/","","","","","","33131","6927","6927","1.027","","1291","191","6.759","61.705","Normal","24.691","0","1","","16","9","0","4.230","29","16","0","0","0","0","","","","","762efb763776cbaf421d90932043e45a","0.034","","","","","en","1.1","","","","","","https://staging.experienceecuador.com/ecuador-amazon-lodges/","2026-10-02 09:27:22"
"https://staging.experienceecuador.com/ecuador-birdwatching-tours/","https://staging.experienceecuador.com/ecuador-birdwatching-tours/","text/html; charset=utf-8","200","OK","Non-Indexable","Canonicalised,noindex","Ecuador Birdwatching Tours | Regions, Guides & Routes","53","490","Plan birdwatching tours in Ecuador with the best regions, guide-friendly routes, and private trip ideas.","104","623","","0","Ecuador Birdwatching Tours","26","How to Think About Ecuador Birdwatching Tours","45","How to Choose the Right Birdwatching Route in Ecuador","53","index,follow","noindex, nofollow, noarchive, nosnippet","","https://experienceecuador.com/ecuador-birdwatching-tours/","","","","","","35676","7385","7385","1.094","","1369","211","6.488","58.426","Fairly Hard","25.453","0","1","","7","7","0","3.290","36","19","0","0","0","0","","","","","a4783ec1765f7cdba454092c9f7a9283","0.035","","","","","en","1.1","","","","","","https://staging.experienceecuador.com/ecuador-birdwatching-tours/","2026-10-02 09:27:22"
"https://staging.experienceecuador.com/ecuador-cloud-forest-lodges/","https://staging.experienceecuador.com/ecuador-cloud-forest-lodges/","text/html; charset=utf-8","200","OK","Non-Indexable","Canonicalised,noindex","Ecuador Cloud Forest Lodges | Birding & Nature Stays","52","474","Compare Ecuador cloud forest lodges for birding, nature, and smarter route planning near the Andes.","99","622","","0","Ecuador Cloud Forest Lodges","27","How to Think About Cloud Forest Lodges in Ecuador","49","How to Choose the Right Cloud Forest Lodges in Ecuador","54","index,follow","noindex, nofollow, noarchive, nosnippet","","https://experienceecuador.com/ecuador-cloud-forest-lodges/","","","","","","36919","7570","7570","1.122","","1468","223","6.583","64.609","Normal","25.539","0","1","","17","12","0","5.630","41","20","0","0","0","0","","","","","3b2c3bd8fff7c4fcf9a93652ad1a34f0","0.153","","","","","en","1.1","","","","","","https://staging.experienceecuador.com/ecuador-cloud-forest-lodges/","2026-10-02 09:27:22"
"https://staging.experienceecuador.com/ecuador-family-vacations/","https://staging.experienceecuador.com/ecuador-family-vacations/","text/html; charset=utf-8","200","OK","Non-Indexable","Canonicalised,noindex","Ecuador Family Vacations | Private Trips for All Ages","53","467","Plan family vacations in Ecuador with flexible private routes, wildlife, culture, and age-friendly pacing.","106","620","","0","Ecuador Family Vacations","24","How to Think About Ecuador Family Vacations","43","How to Build a Stronger Family Trip in Ecuador","46","index,follow","noindex, nofollow, noarchive, nosnippet","","https://experienceecuador.com/ecuador-family-vacations/","","","","","","37959","7468","7468","1.107","","1310","207","6.329","53.363","Fairly Hard","22.563","0","1","","13","9","0","4.230","37","22","0","0","0","0","","","","","d593ec8c3680926beae2f3a84bf3ba99","0.033","","","","","en","1.1","","","","","","https://staging.experienceecuador.com/ecuador-family-vacations/","2026-10-02 09:27:22"
"https://staging.experienceecuador.com/ecuador-luxury-travel/","https://staging.experienceecuador.com/ecuador-luxury-travel/","text/html; charset=utf-8","200","OK","Non-Indexable","Canonicalised,noindex","Ecuador Luxury Travel | Private High-Comfort Trips","50","452","Plan luxury travel in Ecuador with private routes, premium stays, and high-comfort experiences across key regions.","114","705","","0","Ecuador Luxury Travel","21","How to Think About Luxury Travel in Ecuador","43","How to Build a Better Luxury Route in Ecuador","45","index,follow","noindex, nofollow, noarchive, nosnippet","","https://experienceecuador.com/ecuador-luxury-travel/","","","","","","35021","7236","7236","1.072","","1293","206","6.277","54.753","Fairly Hard","24.339","0","1","","18","11","0","5.160","37","19","0","0","0","0","","","","","32ca56ce6f9bf0a20d4ed7228b3903c3","0.222","","","","","en","1.1","","","","","","https://staging.experienceecuador.com/ecuador-luxury-travel/","2026-10-02 09:27:22"
"https://staging.experienceecuador.com/ecuador-private-tours/","https://staging.experienceecuador.com/ecuador-private-tours/","text/html; charset=utf-8","200","OK","Non-Indexable","Canonicalised,noindex","Ecuador Private Tours | Custom Routes Across Ecuador","52","492","Plan private Ecuador tours across the Andes, Amazon, Coast, and Galápagos with flexible routes and custom pacing.","113","722","","0","Ecuador Private Tours","21","How to Think About Private Tours in Ecuador","43","How to Build a Better Private Route in Ecuador","46","index,follow","noindex, nofollow, noarchive, nosnippet","","https://experienceecuador.com/ecuador-private-tours/","","","","","","35144","7333","7333","1.087","","1354","209","6.478","60.988","Normal","24.913","0","1","","38","18","0","8.450","36","21","0","0","0","0","","","","","d874000a52596af45b2a4c1ec7c1d77e","0.123","","","","","en","1.1","","","","","","https://staging.experienceecuador.com/ecuador-private-tours/","2026-10-02 09:27:22"
"https://staging.experienceecuador.com/ecuador-amazon-vs-galapagos/","https://staging.experienceecuador.com/ecuador-amazon-vs-galapagos/","text/html; charset=utf-8","200","OK","Non-Indexable","Canonicalised,noindex","Amazon vs Galápagos | Which Is Better for Ecuador Travel?","57","526","Compare Ecuador's Amazon and Galápagos by wildlife, cost, timing, logistics, and traveler fit so you can choose the right route with more confidence.","149","918","","0","Amazon vs Galápagos: Which Is Better for Your Ecuador Trip?","59","Amazon vs Galápagos: The Short Answer","37","Amazon vs Galápagos by Travel Priority","38","index,follow","noindex, nofollow, noarchive, nosnippet","","https://experienceecuador.com/ecuador-amazon-vs-galapagos/","","","","","","31826","7131","7131","1.057","","1416","222","6.378","60.855","Normal","28.669","0","1","","14","9","0","4.230","21","10","0","0","0","0","","","","","d66971bdce7a3c73821c64059a0881ef","0.038","","","","","en","1.1","","","","","","https://staging.experienceecuador.com/ecuador-amazon-vs-galapagos/","2026-10-02 09:27:22"
"https://staging.experienceecuador.com/family-friendly-ecuador-itinerary/","https://staging.experienceecuador.com/family-friendly-ecuador-itinerary/","text/html; charset=utf-8","200","OK","Non-Indexable","Canonicalised,noindex","Family Ecuador Itinerary | Routes & Planning Tips","49","434","Plan a family-friendly Ecuador itinerary with practical route ideas, wildlife stops, and flexible pacing.","105","610","","0","Family-Friendly Ecuador Itinerary","33","How to Plan a Family-Friendly Ecuador Itinerary","47","Family Ecuador Itinerary at a Glance","36","index,follow","noindex, nofollow, noarchive, nosnippet","","https://experienceecuador.com/family-friendly-ecuador-itinerary/","","","","","","31012","7036","7036","1.043","","1106","166","6.663","57.874","Fairly Hard","22.502","0","1","","10","7","0","3.290","21","10","0","0","0","0","","","","","6189fbdbe67d4a4cb71d4fe410ffb4e5","0.036","","","","","en","1.1","","","","","","https://staging.experienceecuador.com/family-friendly-ecuador-itinerary/","2026-10-02 09:27:20"
"https://staging.experienceecuador.com/ecuador-travel-guide/","https://staging.experienceecuador.com/ecuador-travel-guide/","text/html; charset=utf-8","200","OK","Non-Indexable","Canonicalised,noindex","Ecuador Travel Guide | Regions, Routes & Trip Planning","54","487","Plan a smarter Ecuador trip with region guides, route ideas, travel timing, and practical planning tips.","104","618","","0","Ecuador Travel Guide","20","How to Use This Ecuador Travel Guide","36","Ecuador Travel Planning at a Glance","35","index,follow","noindex, nofollow, noarchive, nosnippet","","https://experienceecuador.com/ecuador-travel-guide/","","","","","","32480","6845","6845","1.014","","1052","164","6.415","62.407","Normal","20.503","0","1","","19","8","0","3.760","25","13","0","0","0","0","","","","","f212aea1ba37471b9845671c64895cb1","0.144","","","","","en","1.1","","","","","","https://staging.experienceecuador.com/ecuador-travel-guide/","2026-10-02 09:27:22"
"https://staging.experienceecuador.com/galapagos-travel-guide/","https://staging.experienceecuador.com/galapagos-travel-guide/","text/html; charset=utf-8","200","OK","Non-Indexable","Canonicalised,noindex","Galápagos Travel Guide | Islands, Wildlife & Routes","51","451","Plan a smarter Galápagos trip with island guidance, wildlife highlights, route ideas, and practical travel tips.","112","659","","0","Galápagos Travel Guide","22","How to Think About a Galápagos Trip","35","How to Build a Better Galápagos Route","37","index,follow","noindex, nofollow, noarchive, nosnippet","","https://experienceecuador.com/galapagos-travel-guide/","","","","","","34254","7402","7402","1.097","","1398","223","6.269","58.443","Fairly Hard","26.764","0","1","","43","22","0","10.330","41","24","0","0","0","0","","","","","1456372f1546ae0681387e2c7d11132d","0.041","","","","","en","1.1","","","","","","https://staging.experienceecuador.com/galapagos-travel-guide/","2026-10-02 09:27:20"
"https://staging.experienceecuador.com/quito-travel-guide/","https://staging.experienceecuador.com/quito-travel-guide/","text/html; charset=utf-8","200","OK","Non-Indexable","Canonicalised,noindex","Quito Travel Guide | Best Areas, Days & Planning Tips","53","473","Plan Quito with the best areas to stay, how many days to spend, altitude tips, and nearby day trips.","100","609","","0","Quito Travel Guide","18","How to Use This Quito Travel Guide","34","Quito Travel Planning at a Glance","33","index,follow","noindex, nofollow, noarchive, nosnippet","","https://experienceecuador.com/quito-travel-guide/","","","","","","28950","6817","6817","1.010","","1042","161","6.472","67.277","Normal","21.823","0","1","","11","9","0","4.230","21","10","0","0","0","0","","","","","251fd1fee2c573774ea47483828988","0.036","","","","","en","1.1","","","","","","https://staging.experienceecuador.com/quito-travel-guide/","2026-10-02 09:27:20"
"https://staging.experienceecuador.com/andes-travel-guide/","https://staging.experienceecuador.com/andes-travel-guide/","text/html; charset=utf-8","200","OK","Non-Indexable","Canonicalised,noindex","Andes Travel Guide | Cities, Volcanoes & Route Planning","55","499","Plan Ecuador’s Andes with city bases, volcano scenery, cloud forest access, and smarter route ideas.","100","620","","0","Andes Travel Guide","18","How to Think About an Andes Route","33","How to Build a Better Andes Route in Ecuador","44","index,follow","noindex, nofollow, noarchive, nosnippet","","https://experienceecuador.com/andes-travel-guide/","","","","","","33698","7187","7187","1.065","","1329","206","6.451","61.387","Normal","25.556","0","1","","45","23","0","10.800","38","22","0","0","0","0","","","","","7bd12f56b73032e8e5ca58767aea5122","0.189","","","","","en","1.1","","","","","","https://staging.experienceecuador.com/andes-travel-guide/","2026-10-02 09:27:23"
"https://staging.experienceecuador.com/amazon-travel-guide/","https://staging.experienceecuador.com/amazon-travel-guide/","text/html; charset=utf-8","200","OK","Non-Indexable","Canonicalised,noindex","Ecuador Amazon Guide | Wildlife, Lodges & Routes","48","448","Plan Ecuador Amazon travel with wildlife highlights, rainforest lodges, route ideas, and practical logistics.","109","647","","0","Amazon Travel Guide","19","How to Think About an Amazon Route","34","How to Build a Better Amazon Route in Ecuador","45","index,follow","noindex, nofollow, noarchive, nosnippet","","https://experienceecuador.com/amazon-travel-guide/","","","","","","38031","7839","7839","1.162","","1493","232","6.435","56.942","Fairly Hard","25.839","0","1","","36","23","0","10.800","40","24","0","0","0","0","","","","","81fdfd3aa49333996b548bb3275d6e14","0.058","","","","","en","1.1","","","","","","https://staging.experienceecuador.com/amazon-travel-guide/","2026-10-02 09:27:23"
"https://staging.experienceecuador.com/coast-travel-guide/","https://staging.experienceecuador.com/coast-travel-guide/","text/html; charset=utf-8","200","OK","Non-Indexable","Canonicalised,noindex","Ecuador Coast Guide | Beaches, Towns & Routes","45","429","Plan Ecuador’s Coast with beach towns, seafood stops, surf bases, and practical route ideas.","92","575","","0","Coast Travel Guide","18","How to Think About a Coast Route","32","How to Build a Better Coast Route in Ecuador","44","index,follow","noindex, nofollow, noarchive, nosnippet","","https://experienceecuador.com/coast-travel-guide/","","","","","","35592","7457","7457","1.105","","1436","212","6.774","70.232","Fairly Easy","25.420","0","1","","18","13","0","6.100","35","19","0","0","0","0","","","","","9f0242228fe1e8cefbb292d66bf70124","0.032","","","","","en","1.1","","","","","","https://staging.experienceecuador.com/coast-travel-guide/","2026-10-02 09:27:23"
"https://staging.experienceecuador.com/ecuador-packing-list-by-region/","https://staging.experienceecuador.com/ecuador-packing-list-by-region/","text/html; charset=utf-8","200","OK","Non-Indexable","Canonicalised,noindex","Ecuador Packing List | What to Pack by Region","45","411","Use this Ecuador packing list by region to plan clothing and gear for the Andes, Amazon, Coast, and Galápagos.","110","686","","0","Ecuador Packing List by Region","30","How to Use This Ecuador Packing List","36","Ecuador Packing Basics at a Glance","34","index,follow","noindex, nofollow, noarchive, nosnippet","","https://experienceecuador.com/ecuador-packing-list-by-region/","","","","","","29646","6431","6431","0.953","","1002","158","6.342","62.691","Normal","21.687","0","1","","4","4","0","1.880","22","14","0","0","0","0","","","","","b72004bce28fa3862da25b74ad641b3b","0.104","","","","","en","1.1","","","","","","https://staging.experienceecuador.com/ecuador-packing-list-by-region/","2026-10-02 09:27:22"
"https://staging.experienceecuador.com/best-time-to-visit-ecuador/","https://staging.experienceecuador.com/best-time-to-visit-ecuador/","text/html; charset=utf-8","200","OK","Non-Indexable","Canonicalised,noindex","Best Time to Visit Ecuador | Weather, Regions & Wildlife","56","496","See the best time to visit Ecuador by region, weather patterns, wildlife goals, and trip style.","95","553","","0","Best Time to Visit Ecuador","26","The Best Time to Visit Ecuador Depends on the Region","52","Ecuador Travel Seasons at a Glance","34","index,follow","noindex, nofollow, noarchive, nosnippet","","https://experienceecuador.com/best-time-to-visit-ecuador/","","","","","","30282","6263","6263","0.928","","1029","157","6.554","66.006","Normal","21.139","0","1","","8","7","0","3.290","26","15","0","0","0","0","","","","","68c10867365efcbbafcd6bdc5f79e84","0.139","","","","","en","1.1","","","","","","https://staging.experienceecuador.com/best-time-to-visit-ecuador/","2026-10-02 09:27:23"
"https://staging.experienceecuador.com/best-things-to-do-in-mindo-ecuador/","https://staging.experienceecuador.com/best-things-to-do-in-mindo-ecuador/","text/html; charset=utf-8","200","OK","Non-Indexable","Canonicalised,noindex","Best Things to Do in Mindo | Cloud Forest Guide","47","423","Discover the best things to do in Mindo, from birding and waterfalls to chocolate tours and soft adventure.","107","654","","0","Best Things to Do in Mindo, Ecuador","35","How to Choose the Best Things to Do in Mindo","44","Mindo Activities at a Glance","28","index,follow","noindex, nofollow, noarchive, nosnippet","","https://experienceecuador.com/best-things-to-do-in-mindo-ecuador/","","","","","","32871","6449","6449","0.956","","1017","155","6.561","66.912","Normal","18.828","0","1","","6","5","0","2.350","25","14","0","0","0","0","","","","","5fa286ef48ee8641455e73f58616ae0e","0.120","","","","","en","1.1","","","","","","https://staging.experienceecuador.com/best-things-to-do-in-mindo-ecuador/","2026-10-02 09:27:23"
"https://staging.experienceecuador.com/mindo-cloud-forest-guide/","https://staging.experienceecuador.com/mindo-cloud-forest-guide/","text/html; charset=utf-8","200","OK","Non-Indexable","Canonicalised,noindex","Mindo Cloud Forest | Lodges, Birding & Routes","45","408","Plan Mindo with lodge ideas, cloud forest birding, waterfalls, and route tips from Quito.","89","533","","0","Mindo Cloud Forest Guide","24","How to Think About Mindo","24","How to Choose the Right Mindo Stay","34","index,follow","noindex, nofollow, noarchive, nosnippet","","https://experienceecuador.com/mindo-cloud-forest-guide/","","","","","","32011","6973","6973","1.033","","1373","209","6.569","64.302","Normal","26.766","0","1","","15","8","0","3.760","37","19","0","0","0","0","","","","","1eb705fc6314ae5f997970939e6757a7","0.035","","","","","en","1.1","","","","","","https://staging.experienceecuador.com/mindo-cloud-forest-guide/","2026-10-02 09:27:20"
"https://staging.experienceecuador.com/es/mejor-epoca-para-visitar-ecuador/","https://staging.experienceecuador.com/es/mejor-epoca-para-visitar-ecuador/","text/html; charset=utf-8","200","OK","Non-Indexable","Canonicalised,noindex","Mejor Época para Visitar Ecuador | Por Región","45","407","Encuentra la mejor época para visitar Ecuador por región, incluyendo Galápagos, Andes, Costa, Amazonía y Mindo, con clima, fauna y rutas.","137","862","","0","Mejor Época para Visitar Ecuador","32","La Mejor Época para Visitar Ecuador Depende de la Región","56","Temporadas de Viaje en Ecuador de un Vistazo","44","index,follow","noindex, nofollow, noarchive, nosnippet","","https://experienceecuador.com/es/mejor-epoca-para-visitar-ecuador/","","","","","","31344","6435","6435","0.954","","1085","160","6.781","36.912","Hard","21.275","0","2","","9","8","0","3.760","26","15","0","0","0","0","","","","","8ffee70c755246dbe858fcb673f69955","0.106","","","","","es","1.1","","","","","","https://staging.experienceecuador.com/es/mejor-epoca-para-visitar-ecuador/","2026-10-02 09:27:22"
"https://staging.experienceecuador.com/es/mejores-cosas-que-hacer-en-mindo/","https://staging.experienceecuador.com/es/mejores-cosas-que-hacer-en-mindo/","text/html; charset=utf-8","200","OK","Non-Indexable","Canonicalised,noindex","Mejores Cosas que Hacer en Mindo | Guía Útil","44","406","Explora las mejores cosas que hacer en Mindo, Ecuador: bosque nublado, cascadas, aves, chocolate, mariposas, tubing y rutas fáciles desde Quito.","144","904","","0","Mejores Cosas que Hacer en Mindo, Ecuador","41","Cómo Elegir las Mejores Cosas que Hacer en Mindo","48","Actividades en Mindo de un Vistazo","34","index,follow","noindex, nofollow, noarchive, nosnippet","","https://experienceecuador.com/es/mejores-cosas-que-hacer-en-mindo/","","","","","","34282","6621","6621","0.981","","1072","157","6.828","40.569","Hard","19.214","0","2","","7","6","0","2.820","25","14","0","0","0","0","","","","","4f6ba1658e796e7a263be9b6b61f3ee1","0.035","","","","","es","1.1","","","","","","https://staging.experienceecuador.com/es/mejores-cosas-que-hacer-en-mindo/","2026-10-02 09:27:22"
"https://staging.experienceecuador.com/es/guia-bosque-nublado-mindo/","https://staging.experienceecuador.com/es/guia-bosque-nublado-mindo/","text/html; charset=utf-8","200","OK","Non-Indexable","Canonicalised,noindex","Bosque nublado de Mindo | Lodges, aves y rutas","46","425","Planifica Mindo con bosque nublado, lodges, aves, cascadas y conexiones desde Quito para una estadía clara dentro de tu ruta por Ecuador.","137","865","","0","Guía Bosque Nublado Mindo","25","Cómo Pensar Mindo","17","Cómo Elegir la Estadía Correcta en Mindo","40","index,follow","noindex, nofollow, noarchive, nosnippet","","https://experienceecuador.com/es/guia-bosque-nublado-mindo/","","","","","","34360","7257","7257","1.075","","1592","218","7.303","42.817","Hard","28.496","0","2","","16","9","0","4.230","37","17","0","0","0","0","","","","","90f95e06fed4dbb9ddb05cef2e19468","0.037","","","","","es","1.1","","","","","","https://staging.experienceecuador.com/es/guia-bosque-nublado-mindo/","2026-10-02 09:27:22"
"https://staging.experienceecuador.com/es/hospedaje-bosque-nublado-ecuador/","https://staging.experienceecuador.com/es/hospedaje-bosque-nublado-ecuador/","text/html; charset=utf-8","200","OK","Non-Indexable","Canonicalised,noindex","Hospedaje en bosque nublado | Mindo y Chocó","43","413","Compara hospedaje de bosque nublado en Ecuador entre Mindo y Chocó Andino para elegir estadía, región y ruta de viaje.","118","750","","0","Hospedaje Bosque Nublado Ecuador","32","Cómo Pensar el Hospedaje de Bosque Nublado en Ecuador","53","Cómo Elegir el Hospedaje Correcto de Bosque Nublado en Ecuador","62","index,follow","noindex, nofollow, noarchive, nosnippet","","https://experienceecuador.com/es/hospedaje-bosque-nublado-ecuador/","","","","","","39254","7856","7856","1.164","","1717","231","7.433","43.443","Hard","27.209","0","2","","17","11","0","5.160","41","17","0","0","0","0","","","","","bb65ef7fce8792ec2fdcf6b12327280e","0.041","","","","","es","1.1","","","","","","https://staging.experienceecuador.com/es/hospedaje-bosque-nublado-ecuador/","2026-10-02 09:27:22"
"https://staging.experienceecuador.com/es/lodges-amazonia-ecuador/","https://staging.experienceecuador.com/es/lodges-amazonia-ecuador/","text/html; charset=utf-8","200","OK","Non-Indexable","Canonicalised,noindex","Lodges en la Amazonía de Ecuador | Selva y fauna","48","446","Compara los mejores lodges Amazonía Ecuador para fauna, acceso a selva y una planificación de viaje más clara.","110","700","","0","Lodges Amazonía Ecuador","23","Cómo pensar los lodges Amazonía Ecuador","39","Cómo elegir el lodge correcto en la Amazonía ecuatoriana","56","index,follow","noindex, nofollow, noarchive, nosnippet","","https://experienceecuador.com/es/lodges-amazonia-ecuador/","","","","","","35312","7625","7625","1.130","","1459","198","7.369","34.969","Hard","25.778","0","2","","15","8","0","3.760","29","16","0","0","0","0","","","","","22916c93faa5228c4df279bf82989b64","0.126","","","","","es","1.1","","","","","","https://staging.experienceecuador.com/es/lodges-amazonia-ecuador/","2026-10-02 09:27:22"
"https://staging.experienceecuador.com/es/tours-avistamiento-aves-ecuador/","https://staging.experienceecuador.com/es/tours-avistamiento-aves-ecuador/","text/html; charset=utf-8","200","OK","Non-Indexable","Canonicalised,noindex","Tours de avistamiento de aves en Ecuador","40","378","Compara tours de avistamiento de aves en Mindo, Chocó Andino y Amazonía, con guías, hábitats y rutas privadas por Ecuador.","122","785","","0","Tours de avistamiento de aves en Ecuador","40","Cómo Pensar los Tours de Avistamiento de Aves en Ecuador","56","Cómo Elegir la Ruta Correcta de Birding en Ecuador","50","index,follow","noindex, nofollow, noarchive, nosnippet","","https://experienceecuador.com/es/tours-avistamiento-aves-ecuador/","","","","","","37505","7648","7648","1.133","","1588","219","7.251","39.545","Hard","26.758","0","2","","14","9","0","4.230","36","19","0","0","0","0","","","","","a3d65d90e4a134f4ef99bc993064fe5a","0.034","","","","","es","1.1","","","","","","https://staging.experienceecuador.com/es/tours-avistamiento-aves-ecuador/","2026-10-02 09:27:20"
"https://staging.experienceecuador.com/es/tours-privados-ecuador/","https://staging.experienceecuador.com/es/tours-privados-ecuador/","text/html; charset=utf-8","200","OK","Non-Indexable","Canonicalised,noindex","Tours privados en Ecuador | Rutas personalizadas","48","442","Planifica tours privados por Ecuador con rutas flexibles, traslados, ritmo personalizado y conexiones entre Andes, Amazonía, Costa y Galápagos.","143","893","","0","Tours Privados en Ecuador","25","Cómo Pensar un Tour Privado por Ecuador","39","Cómo Construir una Mejor Ruta Privada por Ecuador","49","index,follow","noindex, nofollow, noarchive, nosnippet","","https://experienceecuador.com/es/tours-privados-ecuador/","","","","","","36980","7665","7665","1.136","","1535","214","7.173","35.094","Hard","26.054","0","2","","45","17","0","7.980","36","21","0","0","0","0","","","","","95974ed5a2ebc0972bb2bb8769639f3a","0.035","","","","","es","1.1","","","","","","https://staging.experienceecuador.com/es/tours-privados-ecuador/","2026-10-02 09:27:20"
"https://staging.experienceecuador.com/es/vacaciones-familiares-ecuador/","https://staging.experienceecuador.com/es/vacaciones-familiares-ecuador/","text/html; charset=utf-8","200","OK","Non-Indexable","Canonicalised,noindex","Vacaciones familiares en Ecuador | Rutas privadas","49","449","Planifica vacaciones familiares en Ecuador con rutas privadas, ritmo flexible y experiencias apropiadas para distintas edades y regiones.","137","839","","0","Vacaciones Familiares en Ecuador","32","Cómo Pensar unas Vacaciones Familiares en Ecuador","49","Cómo Construir un Viaje Familiar Más Fuerte por Ecuador","55","index,follow","noindex, nofollow, noarchive, nosnippet","","https://experienceecuador.com/es/vacaciones-familiares-ecuador/","","","","","","39713","7711","7711","1.143","","1442","211","6.834","24.832","Very Hard","23.418","0","2","","21","10","0","4.690","37","22","0","0","0","0","","","","","dff92e0689dacffce17495ffc1a0ed62","0.122","","","","","es","1.1","","","","","","https://staging.experienceecuador.com/es/vacaciones-familiares-ecuador/","2026-10-02 09:27:20"
"https://staging.experienceecuador.com/es/viajes-de-lujo-ecuador/","https://staging.experienceecuador.com/es/viajes-de-lujo-ecuador/","text/html; charset=utf-8","200","OK","Non-Indexable","Canonicalised,noindex","Viajes de Lujo en Ecuador | Rutas Privadas","42","378","Planifica viajes de lujo en Ecuador con rutas privadas, estadías de alta comodidad, ritmo curado y experiencias destacadas.","123","760","","0","Viajes de Lujo en Ecuador","25","Cómo Pensar un Viaje de Lujo por Ecuador","40","Cómo Construir una Mejor Ruta de Lujo por Ecuador","49","index,follow","noindex, nofollow, noarchive, nosnippet","","https://experienceecuador.com/es/viajes-de-lujo-ecuador/","","","","","","36399","7464","7464","1.106","","1450","209","6.938","35.319","Hard","25.102","0","2","","27","11","0","5.160","37","19","0","0","0","0","","","","","21dfeaeff6a43b3a56249380ed758fd2","0.037","","","","","es","1.1","","","","","","https://staging.experienceecuador.com/es/viajes-de-lujo-ecuador/","2026-10-02 09:27:20"
"https://staging.experienceecuador.com/es/amazonia-vs-galapagos/","https://staging.experienceecuador.com/es/amazonia-vs-galapagos/","text/html; charset=utf-8","200","OK","Non-Indexable","Canonicalised,noindex","Amazonía vs Galápagos | Qué Conviene Más para Viajar","52","499","Compara Amazonía y Galápagos por fauna, costo, temporada, logística y tipo de viaje para elegir la mejor ruta en Ecuador con más claridad.","138","864","","0","Amazonía vs Galápagos: Qué Conviene Más para Tu Viaje","53","Amazonía vs Galápagos: La Respuesta Corta","41","Amazonía vs Galápagos por Prioridad de Viaje","44","index,follow","noindex, nofollow, noarchive, nosnippet","","https://experienceecuador.com/es/amazonia-vs-galapagos/","","","","","","32775","7329","7329","1.086","","1484","223","6.655","32.990","Hard","29.196","0","2","","15","10","0","4.690","21","10","0","0","0","0","","","","","79c85e60ac5747a224bc77f51f582010","0.036","","","","","es","1.1","","","","","","https://staging.experienceecuador.com/es/amazonia-vs-galapagos/","2026-10-02 09:27:22"
"https://staging.experienceecuador.com/es/itinerario-familiar-ecuador/","https://staging.experienceecuador.com/es/itinerario-familiar-ecuador/","text/html; charset=utf-8","200","OK","Non-Indexable","Canonicalised,noindex","Itinerario Familiar Ecuador | Ruta Práctica","43","370","Planifica un itinerario familiar por Ecuador con rutas más suaves, mejores bases, ritmo para niños y decisiones claras entre Quito, Mindo, Galápagos y más.","155","956","","0","Itinerario Familiar por Ecuador","31","Cómo Planificar un Itinerario Familiar por Ecuador","50","Itinerario Familiar por Ecuador de un Vistazo","45","index,follow","noindex, nofollow, noarchive, nosnippet","","https://experienceecuador.com/es/itinerario-familiar-ecuador/","","","","","","31951","7219","7219","1.070","","1156","172","6.721","30.447","Hard","22.962","0","2","","11","8","0","3.760","21","10","0","0","0","0","","","","","c80a69b0f0ea4ca4a6b9aae55f9edb3e","0.030","","","","","es","1.1","","","","","","https://staging.experienceecuador.com/es/itinerario-familiar-ecuador/","2026-10-02 09:27:22"
"https://staging.experienceecuador.com/es/guia-viaje-ecuador/","https://staging.experienceecuador.com/es/guia-viaje-ecuador/","text/html; charset=utf-8","200","OK","Non-Indexable","Canonicalised,noindex","Guía de Viaje por Ecuador | Regiones, Rutas y Consejos","54","487","Usa esta guía de viaje por Ecuador para comparar regiones, crear mejores rutas, elegir bases y evitar errores de temporada, traslados e itinerario.","147","891","","0","Guía de Viaje por Ecuador","25","Cómo Usar Esta Guía de Viaje por Ecuador","40","Planificación de Viaje por Ecuador de un Vistazo","48","index,follow","noindex, nofollow, noarchive, nosnippet","","https://experienceecuador.com/es/guia-viaje-ecuador/","","","","","","33415","6867","6867","1.018","","1091","167","6.533","36.044","Hard","20.545","0","2","","21","9","0","4.230","25","13","0","0","0","0","","","","","70f6d44b4840fccc0afb1520f867804f","0.126","","","","","es","1.1","","","","","","https://staging.experienceecuador.com/es/guia-viaje-ecuador/","2026-10-02 09:27:22"
"https://staging.experienceecuador.com/es/guia-viaje-galapagos/","https://staging.experienceecuador.com/es/guia-viaje-galapagos/","text/html; charset=utf-8","200","OK","Non-Indexable","Canonicalised,noindex","Guía de Galápagos | Islas, fauna y rutas","40","349","Compara islas, fauna, traslados y estilos de viaje para construir una ruta por Galápagos con tiempos y conexiones realistas.","124","763","","0","Guía de Viaje Galápagos","23","Cómo Pensar un Viaje a Galápagos","32","Cómo Construir una Mejor Ruta por Galápagos","43","index,follow","noindex, nofollow, noarchive, nosnippet","","https://experienceecuador.com/es/guia-viaje-galapagos/","","","","","","36117","7657","7657","1.135","","1622","225","7.209","35.795","Hard","28.334","0","2","","41","21","0","9.860","41","21","0","0","0","0","","","","","852ec914f4399570072f583de3ded0d8","0.103","","","","","es","1.1","","","","","","https://staging.experienceecuador.com/es/guia-viaje-galapagos/","2026-10-02 09:27:22"
"https://staging.experienceecuador.com/es/guia-viaje-quito/","https://staging.experienceecuador.com/es/guia-viaje-quito/","text/html; charset=utf-8","200","OK","Non-Indexable","Canonicalised,noindex","Guía de Viaje Quito | Qué Saber","31","279","Usa esta guía de viaje de Quito para planificar mejores días, elegir bases, manejar la altura y conectar la ciudad con Mindo, Andes, Galápagos o Amazonía.","154","947","","0","Guía de Viaje de Quito","22","Cómo Usar Esta Guía de Viaje de Quito","37","Planificación de Quito de un Vistazo","36","index,follow","noindex, nofollow, noarchive, nosnippet","","https://experienceecuador.com/es/guia-viaje-quito/","","","","","","29741","6912","6912","1.024","","1087","159","6.836","39.101","Hard","22.476","0","2","","13","10","0","4.690","21","10","0","0","0","0","","","","","610a7dfd90cf09725c77d5fab5c9e8f","0.033","","","","","es","1.1","","","","","","https://staging.experienceecuador.com/es/guia-viaje-quito/","2026-10-02 09:27:22"
"https://staging.experienceecuador.com/es/lista-equipaje-ecuador-por-region/","https://staging.experienceecuador.com/es/lista-equipaje-ecuador-por-region/","text/html; charset=utf-8","200","OK","Non-Indexable","Canonicalised,noindex","Lista de Equipaje Ecuador | Por Región","38","341","Usa esta lista de equipaje para Ecuador por región y empaca mejor para Galápagos, Andes, Costa, Amazonía y Mindo sin llevar de más ni olvidar básicos.","150","941","","0","Lista de Equipaje para Ecuador por Región","41","Cómo Usar Esta Lista de Equipaje para Ecuador","45","Básicos de Equipaje para Ecuador de un Vistazo","46","index,follow","noindex, nofollow, noarchive, nosnippet","","https://experienceecuador.com/es/lista-equipaje-ecuador-por-region/","","","","","","30609","6600","6600","0.978","","1062","163","6.515","29.269","Very Hard","22.051","0","2","","5","5","0","2.350","22","14","0","0","0","0","","","","","837ee44aad65e57d86e24c460c6a3bf2","0.124","","","","","es","1.1","","","","","","https://staging.experienceecuador.com/es/lista-equipaje-ecuador-por-region/","2026-10-02 09:27:22"
"https://staging.experienceecuador.com/experiences/adventure/banos/","https://staging.experienceecuador.com/experiences/adventure/banos/","text/html; charset=utf-8","200","OK","Non-Indexable","Canonicalised,noindex","Baños Adventure | Canyoning, Rafting & Waterfalls","49","447","Plan Baños adventure with canyoning, rafting, waterfalls, cycling and practical route ideas for an active Ecuador itinerary.","124","749","","0","Adventure in Baños","18","Adventure in Baños at a Glance","30","Why Baños Works So Well for Adventure Travel","44","index,follow","noindex, nofollow, noarchive, nosnippet","","https://experienceecuador.com/experiences/adventure/banos/","","","","","","34412","7128","7128","1.056","","1264","193","6.549","53.409","Fairly Hard","23.498","0","3","","0","0","0","0.000","23","12","0","0","0","0","","","","","3ed14f09d45b64ca5471a2d8776e8ced","0.046","","","","","en","1.1","","","","","","https://staging.experienceecuador.com/experiences/adventure/banos/","2026-10-02 09:27:20"
"https://staging.experienceecuador.com/es/experiencias/aventura/banos/","https://staging.experienceecuador.com/es/experiencias/aventura/banos/","text/html; charset=utf-8","200","OK","Non-Indexable","Canonicalised,noindex","Aventura en Baños | Rafting, canyoning y cascadas","49","449","Planifica Baños con rafting, canyoning, cascadas, ciclismo y una ruta práctica que combina aventura, descanso y viaje andino.","125","780","","0","Aventura en Baños","17","Aventura en Baños de un vistazo","31","Por qué Baños funciona tan bien para la aventura","48","index,follow","noindex, nofollow, noarchive, nosnippet","","https://experienceecuador.com/es/experiencias/aventura/banos/","","","","","","35697","7292","7292","1.081","","1433","197","7.274","32.318","Hard","25.363","0","4","","0","0","0","0.000","22","11","0","0","0","0","","","","","bb318d8180f0edea57bc0e032667100","0.034","","","","","es","1.1","","","","","","https://staging.experienceecuador.com/es/experiencias/aventura/banos/","2026-10-02 09:27:22"
"https://staging.experienceecuador.com/es/destacados/","https://staging.experienceecuador.com/es/destacados/","text/html; charset=utf-8","200","OK","Non-Indexable","Canonicalised,noindex","Destacados Ecuador | Eventos y Temporadas","41","400","Explora destacados de Ecuador con eventos de temporada, momentos de naturaleza, fechas clave e ideas para planificar viajes por regiones.","137","869","","0","Destacados Ecuador Eventos y Temporadas","39","Destacados","10","Planifica con ideas de temporada en Ecuador","43","index,follow","noindex, nofollow, noarchive, nosnippet","","https://experienceecuador.com/es/destacados/","","","","","","34949","8020","8020","1.189","","524","98","5.347","42.702","Hard","9.163","0","2","","4","1","0","0.470","21","11","0","0","0","0","","","","","14ada4bcb7fb44aadc412cb055a64621","0.094","","","","","es","1.1","","","","","","https://staging.experienceecuador.com/es/destacados/","2026-10-02 09:27:22"
"https://staging.experienceecuador.com/es/mejores-cosas-que-hacer-en-ecuador/","https://staging.experienceecuador.com/es/mejores-cosas-que-hacer-en-ecuador/","text/html; charset=utf-8","200","OK","Non-Indexable","Canonicalised,noindex","Qué hacer en Ecuador | Mejores experiencias por región","54","495","Compara Galápagos, la Costa, los Andes y la Amazonía para elegir las mejores experiencias de Ecuador, evitar errores de ruta y planear un viaje más fuerte.","155","955","","0","Mejores Cosas que Hacer en Ecuador","34","Mejores Cosas que Hacer en Ecuador por Región","45","Mejores Cosas que Hacer en Ecuador por Tipo de Viaje","52","index,follow","noindex, nofollow, noarchive, nosnippet","","https://experienceecuador.com/es/mejores-cosas-que-hacer-en-ecuador/","","","","","","27569","6202","6202","0.919","","1060","150","7.067","39.082","Hard","24.164","0","2","","12","8","0","3.760","27","14","0","0","0","0","","","","","74685ba9ad0180b5bb35359d3a66259a","0.048","","","","","es","1.1","","","","","","https://staging.experienceecuador.com/es/mejores-cosas-que-hacer-en-ecuador/","2026-10-02 09:27:22"
"https://staging.experienceecuador.com/es/guia-viaje-andes/","https://staging.experienceecuador.com/es/guia-viaje-andes/","text/html; charset=utf-8","200","OK","Non-Indexable","Canonicalised,noindex","Guía de los Andes de Ecuador | Ciudades y volcanes","50","460","Planifica los Andes de Ecuador con ciudades, volcanes, pueblos, bosques nublados y rutas serranas con conexiones realistas.","123","774","","0","Guía de Viaje Andes","19","Cómo Pensar una Ruta por los Andes","34","Cómo Construir una Mejor Ruta por los Andes en Ecuador","54","index,follow","noindex, nofollow, noarchive, nosnippet","","https://experienceecuador.com/es/guia-viaje-andes/","","","","","","37128","7518","7518","1.114","","1547","214","7.229","39.540","Hard","25.986","0","2","","43","22","0","10.330","38","19","0","0","0","0","","","","","98255e12721e744e461025181eb6234c","0.048","","","","","es","1.1","","","","","","https://staging.experienceecuador.com/es/guia-viaje-andes/","2026-10-02 09:27:22"
"https://staging.experienceecuador.com/es/guia-viaje-costa/","https://staging.experienceecuador.com/es/guia-viaje-costa/","text/html; charset=utf-8","200","OK","Non-Indexable","Canonicalised,noindex","Guía de la Costa de Ecuador | Playas y rutas","44","389","Planifica la Costa de Ecuador con pueblos de playa, paradas de mariscos, bases de surf e ideas prácticas de ruta.","113","697","","0","Guía de Viaje Costa","19","Cómo Pensar una Ruta por la Costa","33","Cómo Construir una Mejor Ruta por la Costa de Ecuador","53","index,follow","noindex, nofollow, noarchive, nosnippet","","https://experienceecuador.com/es/guia-viaje-costa/","","","","","","37058","7722","7722","1.144","","1583","211","7.502","49.099","Hard","25.395","0","2","","16","12","0","5.630","35","19","0","0","0","0","","","","","5ef95dfee61a4e6fe383c9379937f79d","0.137","","","","","es","1.1","","","","","","https://staging.experienceecuador.com/es/guia-viaje-costa/","2026-10-02 09:27:22"
"https://staging.experienceecuador.com/es/guia-viaje-amazonia/","https://staging.experienceecuador.com/es/guia-viaje-amazonia/","text/html; charset=utf-8","200","OK","Non-Indexable","Canonicalised,noindex","Guía de la Amazonía ecuatoriana | Fauna y lodges","48","443","Planifica un viaje por la Amazonía ecuatoriana con fauna, lodges de selva, ideas de ruta y logística práctica.","110","661","","0","Guía de viaje a la Amazonía","27","Cómo pensar una ruta por la Amazonía","36","Cómo construir una mejor ruta amazónica en Ecuador","50","index,follow","noindex, nofollow, noarchive, nosnippet","","https://experienceecuador.com/es/guia-viaje-amazonia/","","","","","","38052","8039","8039","1.191","","1695","233","7.275","38.037","Hard","27.658","0","2","","34","22","0","10.330","40","24","0","0","0","0","","","","","841b4756b7eafde39d4ed55be5defbc4","0.045","","","","","es","1.1","","","","","","https://staging.experienceecuador.com/es/guia-viaje-amazonia/","2026-10-02 09:27:22"
"https://staging.experienceecuador.com/where-to-stay-in-ecuador/","https://staging.experienceecuador.com/where-to-stay-in-ecuador/","text/html; charset=utf-8","200","OK","Non-Indexable","Canonicalised,noindex","Where to Stay in Ecuador | Regions & Stay Types","47","428","Compare where to stay in Ecuador across the Andes, cloud forest, Amazon, Coast, and Galápagos to build a smarter route.","119","757","","0","Where to Stay in Ecuador","24","How to Think About Where to Stay in Ecuador","43","How to Build a Better Stay Strategy in Ecuador","46","index,follow","noindex, nofollow, noarchive, nosnippet","","https://experienceecuador.com/where-to-stay-in-ecuador/","","","","","","34596","7239","7239","1.073","","1375","206","6.675","64.639","Normal","25.856","0","1","","126","70","0","32.860","38","20","0","0","0","0","","","","","99336c0db05ea6173685473ec7c49880","0.232","","","","","en","1.1","","","","","","https://staging.experienceecuador.com/where-to-stay-in-ecuador/","2026-10-02 09:27:18"
"https://staging.experienceecuador.com/best-places-to-visit-in-ecuador/","https://staging.experienceecuador.com/best-places-to-visit-in-ecuador/","text/html; charset=utf-8","200","OK","Non-Indexable","Canonicalised,noindex","Best Places in Ecuador | Regions & Travel Routes","48","434","Explore the best places to visit in Ecuador, from Quito and the Andes to the Amazon, Coast, cloud forest, and Galapagos.","120","742","","0","Best Places to Visit in Ecuador","31","How to Narrow Down the Best Places to Visit in Ecuador","54","How to Choose the Best Places to Visit in Ecuador","49","index,follow","noindex, nofollow, noarchive, nosnippet","","https://experienceecuador.com/best-places-to-visit-in-ecuador/","","","","","","37945","7541","7541","1.118","","1255","195","6.436","63.460","Normal","21.361","0","1","","73","36","0","16.900","37","21","0","0","0","0","","","","","9bdd7836c0b34af2bf920896791c63e3","0.101","","","","","en","1.1","","","","","","https://staging.experienceecuador.com/best-places-to-visit-in-ecuador/","2026-10-02 09:27:23"
"https://staging.experienceecuador.com/es/mejores-lugares-para-visitar-ecuador/","https://staging.experienceecuador.com/es/mejores-lugares-para-visitar-ecuador/","text/html; charset=utf-8","200","OK","Non-Indexable","Canonicalised,noindex","Mejores lugares de Ecuador | Regiones y rutas","45","409","Compara Galápagos, Costa, Andes y Amazonía para elegir destinos y construir una ruta por Ecuador con tiempos y conexiones realistas.","132","843","","0","Mejores lugares para visitar en Ecuador","39","Cómo Acotar los Mejores Lugares para Visitar en Ecuador","55","Cómo Elegir los Mejores Lugares para Visitar en Ecuador","55","index,follow","noindex, nofollow, noarchive, nosnippet","","https://experienceecuador.com/es/mejores-lugares-para-visitar-ecuador/","","","","","","39476","7703","7703","1.142","","1404","203","6.916","37.123","Hard","22.254","0","2","","69","35","0","16.430","37","18","0","0","0","0","","","","","75a7b46df563b664a8089ad11b74285","0.045","","","","","es","1.1","","","","","","https://staging.experienceecuador.com/es/mejores-lugares-para-visitar-ecuador/","2026-10-02 09:27:22"
"https://staging.experienceecuador.com/es/donde-alojarse-ecuador/","https://staging.experienceecuador.com/es/donde-alojarse-ecuador/","text/html; charset=utf-8","200","OK","Non-Indexable","Canonicalised,noindex","Dónde alojarse en Ecuador | Regiones y Estadías","47","429","Compara dónde alojarte en Ecuador entre Andes, bosque nublado, Amazonía, costa y Galápagos para elegir región, estilo de estadía y ruta.","136","856","","0","Dónde alojarse en Ecuador","25","Cómo Pensar Dónde Alojarse en Ecuador","37","Cómo Construir una Mejor Estrategia de Estadías en Ecuador","58","index,follow","noindex, nofollow, noarchive, nosnippet","","https://experienceecuador.com/es/donde-alojarse-ecuador/","","","","","","36597","7556","7556","1.120","","1585","216","7.338","38.514","Hard","27.191","0","2","","124","69","0","32.390","38","17","0","0","0","0","","","","","470c75c6c957f74232af68b6017fb668","0.109","","","","","es","1.1","","","","","","https://staging.experienceecuador.com/es/donde-alojarse-ecuador/","2026-10-02 09:27:22"
"https://staging.experienceecuador.com/ecuador-unesco-world-heritage-sites/","https://staging.experienceecuador.com/ecuador-unesco-world-heritage-sites/","text/html; charset=utf-8","200","OK","Non-Indexable","Canonicalised,noindex","Ecuador UNESCO World Heritage Sites | Guide","43","410","Explore Ecuador UNESCO World Heritage Sites, from Quito and Galápagos to Sangay, Cuenca, Qhapaq Ñan, and new tentative heritage places.","135","879","","0","Ecuador UNESCO World Heritage Sites and Future Heritage Places","62","What are the UNESCO World Heritage Sites in Ecuador?","52","All Official UNESCO World Heritage Sites in Ecuador","51","index,follow","noindex, nofollow, noarchive, nosnippet","","https://experienceecuador.com/ecuador-unesco-world-heritage-sites/","","","","","","29872","7272","7272","1.078","","1278","202","6.327","42.665","Hard","29.348","0","1","","1","1","0","0.470","29","21","0","0","0","0","","","","","a5b7d31c6a18b8b7be22932f7602c634","0.040","","","","","en","1.1","","","","","","https://staging.experienceecuador.com/ecuador-unesco-world-heritage-sites/","2026-10-02 09:27:22"
"https://staging.experienceecuador.com/es/patrimonio-mundial-ecuador/","https://staging.experienceecuador.com/es/patrimonio-mundial-ecuador/","text/html; charset=utf-8","200","OK","Non-Indexable","Canonicalised,noindex","Patrimonio Mundial Ecuador | Sitios UNESCO y Rutas","50","469","Explora el Patrimonio Mundial Ecuador, desde Quito y Galápagos hasta Sangay, Cuenca, Qhapaq Ñan y nuevos sitios en Lista Indicativa.","132","842","","0","Patrimonio Mundial en Ecuador y Sitios con Potencial UNESCO","59","¿Cuáles son los sitios de Patrimonio Mundial en Ecuador?","56","Todos los Sitios Oficiales de Patrimonio Mundial en Ecuador","59","index,follow","noindex, nofollow, noarchive, nosnippet","","https://experienceecuador.com/es/patrimonio-mundial-ecuador/","","","","","","31028","7484","7484","1.109","","1393","209","6.665","15.019","Very Hard","30.676","0","2","","1","1","0","0.470","29","21","0","0","0","0","","","","","bad7209dbe2a397038e5b6e35347f27e","0.050","","","","","es","1.1","","","","","","https://staging.experienceecuador.com/es/patrimonio-mundial-ecuador/","2026-10-02 09:27:21"
"https://staging.experienceecuador.com/es/contacto/","https://staging.experienceecuador.com/es/contacto/","text/html; charset=utf-8","200","OK","Non-Indexable","Canonicalised,noindex","Contacto Experience Ecuador | Viajes y Alianzas","47","426","Contacta a Experience Ecuador para preguntas de viaje, alianzas, medios o recomendaciones curadas en Ecuador.","109","706","","0","Contacto Experience Ecuador","27","Enviar un mensaje","17","","0","index,follow","noindex, nofollow, noarchive, nosnippet","","https://experienceecuador.com/es/contacto/","","","","","","26881","7506","7506","1.112","","220","40","5.500","15.902","Very Hard","6.178","0","2","","61","49","0","23.000","7","7","0","0","0","0","","","","","e1926fe62ffb94278cb8bb641c66f2f3","0.047","","","","","es","1.1","","","","","","https://staging.experienceecuador.com/es/contacto/","2026-10-02 09:27:22"
"https://staging.experienceecuador.com/es/experiencias/","https://staging.experienceecuador.com/es/experiencias/","text/html; charset=utf-8","200","OK","Non-Indexable","Canonicalised,noindex","Experiencias en Ecuador | Naturaleza, Cultura y Aventura","56","504","Compara naturaleza, aventura, fauna y aves, cultura, relajación y gastronomía para crear un viaje por Ecuador acorde con tu ritmo.","130","808","","0","Explora Ecuador por Experiencia","31","Cómo usar el hub de experiencias","32","Por qué funciona la planificación basada en experiencias en Ecuador","67","index,follow","noindex, nofollow, noarchive, nosnippet","","https://experienceecuador.com/es/experiencias/","","","","","","36654","7729","7729","1.145","","1502","208","7.221","27.546","Very Hard","26.291","0","2","","17","8","0","3.760","28","13","0","0","0","0","","","","","39384d01a0590f7ecb5a2af30c6a8f4b","0.137","","","","","es","1.1","","","","","","https://staging.experienceecuador.com/es/experiencias/","2026-10-02 09:27:22"
"https://staging.experienceecuador.com/es/experiencias/aventura/","https://staging.experienceecuador.com/es/experiencias/aventura/","text/html; charset=utf-8","200","OK","Non-Indexable","Canonicalised,noindex","Aventura en Ecuador | Volcanes, rafting y surf","46","404","Planifica aventura en Ecuador con volcanes, rafting, canyoning, canopy, bosque nublado y surf mediante rutas activas por varias regiones.","137","855","","0","Aventura en Ecuador","19","Aventura de un vistazo","22","Por qué la aventura funciona tan bien en Ecuador","48","index,follow","noindex, nofollow, noarchive, nosnippet","","https://experienceecuador.com/es/experiencias/aventura/","","","","","","38601","8044","8044","1.192","","1511","202","7.480","32.730","Hard","24.413","0","3","","25","23","0","10.800","29","14","0","0","0","0","","","","","6c105c5230bfd720c226634c0a7ad3e1","0.047","","","","","es","1.1","","","","","","https://staging.experienceecuador.com/es/experiencias/aventura/","2026-10-02 09:27:22"
"https://staging.experienceecuador.com/es/experiencias/cultura/","https://staging.experienceecuador.com/es/experiencias/cultura/","text/html; charset=utf-8","200","OK","Non-Indexable","Canonicalised,noindex","Cultura en Ecuador | Ciudades, mercados y patrimonio","52","481","Planifica cultura en Ecuador con ciudades históricas, mercados, tradiciones, patrimonio, comida y rutas que aportan contexto local al viaje.","140","856","","0","Cultura en Ecuador","18","Cultura de un vistazo","21","Por qué la cultura funciona tan bien en Ecuador","47","index,follow","noindex, nofollow, noarchive, nosnippet","","https://experienceecuador.com/es/experiencias/cultura/","","","","","","36674","7882","7882","1.168","","1600","214","7.477","28.777","Very Hard","27.504","0","3","","36","22","0","10.330","30","15","0","0","0","0","","","","","d0f045777404996cd5c9f0b36e0964d9","0.034","","","","","es","1.1","","","","","","https://staging.experienceecuador.com/es/experiencias/cultura/","2026-10-02 09:27:22"
"https://staging.experienceecuador.com/es/experiencias/gastronomia/","https://staging.experienceecuador.com/es/experiencias/gastronomia/","text/html; charset=utf-8","200","OK","Non-Indexable","Canonicalised,noindex","Gastronomía en Ecuador | Mercados, cacao y café","47","443","Planifica un viaje gastronómico por Ecuador con mercados, mariscos, cacao, café y platos regionales conectados a cada destino.","126","797","","0","Gastronomía en Ecuador","22","Viajes gastronómicos de un vistazo","34","Por qué los viajes gastronómicos funcionan tan bien en Ecuador","62","index,follow","noindex, nofollow, noarchive, nosnippet","","https://experienceecuador.com/es/experiencias/gastronomia/","","","","","","35614","7943","7943","1.177","","1491","208","7.168","27.522","Very Hard","27.249","0","3","","19","14","0","6.570","30","14","0","0","0","0","","","","","9640c1a8655f1fa16b2fd192900d6bae","0.031","","","","","es","1.1","","","","","","https://staging.experienceecuador.com/es/experiencias/gastronomia/","2026-10-02 09:27:22"
"https://staging.experienceecuador.com/es/experiencias/gastronomia/imperdibles/","https://staging.experienceecuador.com/es/experiencias/gastronomia/imperdibles/","text/html; charset=utf-8","200","OK","Non-Indexable","Canonicalised,noindex","Comida ecuatoriana imperdible | Platos por región","49","447","Descubre platos ecuatorianos por región: comida andina, mariscos de la Costa, sabores de la Amazonía y especialidades de Galápagos.","131","835","","0","Imperdibles en Ecuador","22","Cómo saben distinto las regiones de Ecuador","43","Imperdibles por región","22","index,follow","noindex, nofollow, noarchive, nosnippet","","https://experienceecuador.com/es/experiencias/gastronomia/imperdibles/","","","","","","27610","5703","5703","0.845","","668","111","6.018","31.527","Hard","15.641","0","4","","1","1","0","0.470","11","6","0","0","0","0","","","","","d60efe748a87a7609cf15b7f4e5d5cd5","0.204","","","","","es","1.1","","","","","","https://staging.experienceecuador.com/es/experiencias/gastronomia/imperdibles/","2026-10-02 09:27:22"
"https://staging.experienceecuador.com/es/experiencias/naturaleza/","https://staging.experienceecuador.com/es/experiencias/naturaleza/","text/html; charset=utf-8","200","OK","Non-Indexable","Canonicalised,noindex","Naturaleza en Ecuador | Volcanes, bosques y Amazonía","52","492","Planifica naturaleza en Ecuador con volcanes, bosques nublados, Amazonía, lagunas andinas y reservas costeras en una ruta bien conectada.","137","878","","0","Naturaleza en Ecuador","21","Naturaleza de un vistazo","24","Por qué la naturaleza funciona tan bien en Ecuador","50","index,follow","noindex, nofollow, noarchive, nosnippet","","https://experienceecuador.com/es/experiencias/naturaleza/","","","","","","35215","7843","7843","1.162","","1627","214","7.603","28.358","Very Hard","29.165","0","3","","62","33","0","15.490","30","14","0","0","0","0","","","","","97daab2ea63fae81c0e897a1fb8de5a1","0.038","","","","","es","1.1","","","","","","https://staging.experienceecuador.com/es/experiencias/naturaleza/","2026-10-02 09:27:22"
"https://staging.experienceecuador.com/es/experiencias/relajacion/","https://staging.experienceecuador.com/es/experiencias/relajacion/","text/html; charset=utf-8","200","OK","Non-Indexable","Canonicalised,noindex","Relajación en Ecuador | Termas y estadías tranquilas","52","469","Planifica un viaje relajado por Ecuador con termas, estadías escénicas, bases tranquilas en bosque nublado y rutas costeras de ritmo lento.","139","857","","0","Relajación en Ecuador","21","Relajación de un vistazo","24","Por qué la relajación funciona tan bien en Ecuador","50","index,follow","noindex, nofollow, noarchive, nosnippet","","https://experienceecuador.com/es/experiencias/relajacion/","","","","","","34565","7826","7826","1.160","","1462","203","7.202","33.681","Hard","26.824","0","3","","40","28","0","13.150","30","13","0","0","0","0","","","","","edf9cdf751b21ca41e9d1b6388c17567","0.050","","","","","es","1.1","","","","","","https://staging.experienceecuador.com/es/experiencias/relajacion/","2026-10-02 09:27:22"
"https://staging.experienceecuador.com/es/experiencias/vida-silvestre-y-aves/","https://staging.experienceecuador.com/es/experiencias/vida-silvestre-y-aves/","text/html; charset=utf-8","200","OK","Non-Indexable","Canonicalised,noindex","Fauna y aves en Ecuador | Regiones y hábitats","45","409","Planifica fauna y avistamiento de aves en Ecuador por bosques nublados, Amazonía, Costa y Galápagos, con rutas guiadas por hábitat.","131","839","","0","Vida silvestre y aves en Ecuador","32","Vida silvestre y aves de un vistazo","35","Por qué la vida silvestre y las aves funcionan tan bien en Ecuador","66","index,follow","noindex, nofollow, noarchive, nosnippet","","https://experienceecuador.com/es/experiencias/vida-silvestre-y-aves/","","","","","","44011","8846","8846","1.311","","1914","263","7.278","29.983","Very Hard","27.625","0","3","","41","28","0","13.150","43","26","0","0","0","0","","","","","2c0c87a3d429478e7e8723779a873092","0.038","","","","","es","1.1","","","","","","https://staging.experienceecuador.com/es/experiencias/vida-silvestre-y-aves/","2026-10-02 09:27:22"
"https://staging.experienceecuador.com/es/regiones/amazonia/","https://staging.experienceecuador.com/es/regiones/amazonia/","text/html; charset=utf-8","200","OK","Non-Indexable","Canonicalised,noindex","Amazonía de Ecuador | Lodges, fauna y rutas","43","399","Explora la Amazonía de Ecuador: compara Tena, Misahuallí, Cuyabeno, Yasuní, lodges, fauna y accesos para planificar una ruta realista.","134","838","","0","Explora la región Amazonía de Ecuador","37","Por qué la Amazonía de Ecuador se siente diferente","50","Aspectos clave de la región Amazonía","36","index,follow","noindex, nofollow, noarchive, nosnippet","","https://experienceecuador.com/es/regiones/amazonia/","","","","","","44434","8639","8639","1.280","","1737","230","7.552","34.889","Hard","24.440","0","3","","39","20","0","9.390","38","22","0","0","0","0","","","","","4faf3dcbf599ebc0407f8fba9abceb88","0.142","","","","","es","1.1","","","","","","https://staging.experienceecuador.com/es/regiones/amazonia/","2026-10-02 09:27:21"
"https://staging.experienceecuador.com/es/regiones/andes/","https://staging.experienceecuador.com/es/regiones/andes/","text/html; charset=utf-8","200","OK","Non-Indexable","Canonicalised,noindex","Andes de Ecuador | Ciudades, volcanes y rutas","45","411","Explora los Andes de Ecuador: compara Quito, Mindo, volcanes, mercados y rutas de altura para construir un itinerario realista.","127","781","","0","Explora la región andina de Ecuador","35","Por qué los Andes de Ecuador se sienten diferentes","50","Aspectos clave de la región Andes","33","index,follow","noindex, nofollow, noarchive, nosnippet","","https://experienceecuador.com/es/regiones/andes/","","","","","","42891","9549","9549","1.415","","1780","252","7.063","33.507","Hard","25.993","0","3","","82","39","0","18.310","45","25","0","0","0","0","","","","","d855e8e0ab6d2bd739cbf1f87e380da5","0.182","","","","","es","1.1","","","","","","https://staging.experienceecuador.com/es/regiones/andes/","2026-10-02 09:27:21"
"https://staging.experienceecuador.com/es/regiones/andes/cotacachi/","https://staging.experienceecuador.com/es/regiones/andes/cotacachi/","text/html; charset=utf-8","200","OK","Non-Indexable","Canonicalised,noindex","Cotacachi Ecuador | Cuicocha y pueblo artesanal","47","431","Planifica Cotacachi y la laguna Cuicocha con artesanías, paisaje del norte andino y una ruta de medio día o una noche.","118","729","","0","Cotacachi, Ecuador","18","Para Qué Sirve Mejor Cotacachi","30","Por Qué Cotacachi Destaca","25","index,follow","noindex, nofollow, noarchive, nosnippet","","https://experienceecuador.com/es/regiones/andes/cotacachi/","","","","","","34987","7516","7516","1.114","","1450","214","6.776","41.026","Hard","25.375","0","4","","11","5","0","2.350","27","11","0","0","0","0","","","","","90ef968bafcc07dc6977f500982f9ed1","0.157","","","","","es","1.1","","","","","","https://staging.experienceecuador.com/es/regiones/andes/cotacachi/","2026-10-02 09:27:21"
"https://staging.experienceecuador.com/es/regiones/andes/otavalo/","https://staging.experienceecuador.com/es/regiones/andes/otavalo/","text/html; charset=utf-8","200","OK","Non-Indexable","Canonicalised,noindex","Otavalo Ecuador | Mercado, textiles y cultura andina","52","460","Planifica tu viaje a Otavalo, Ecuador con mercado indígena, textiles, paisajes andinos, lagos cercanos y una combinación fácil con Quito y el norte andino.","155","943","","0","Otavalo, Ecuador","16","Para Qué Sirve Mejor Otavalo","28","Por Qué Otavalo Destaca","23","index,follow","noindex, nofollow, noarchive, nosnippet","","https://experienceecuador.com/es/regiones/andes/otavalo/","","","","","","35183","7911","7911","1.172","","1413","209","6.761","34.665","Hard","24.813","0","4","","23","12","0","5.630","25","13","0","0","0","0","","","","","f9e31432a41d3f706160f0f8f96a5d53","0.123","","","","","es","1.1","","","","","","https://staging.experienceecuador.com/es/regiones/andes/otavalo/","2026-10-02 09:27:21"
"https://staging.experienceecuador.com/es/regiones/andes/zuleta/","https://staging.experienceecuador.com/es/regiones/andes/zuleta/","text/html; charset=utf-8","200","OK","Non-Indexable","Canonicalised,noindex","Zuleta Ecuador | Bordado y caminatas rurales","44","403","Explora Zuleta con bordados, caminatas rurales y paisajes del norte andino en una visita de medio día o una noche.","114","708","","0","Zuleta, Ecuador","15","Para Qué Sirve Mejor Zuleta","27","Por Qué Zuleta Destaca","22","index,follow","noindex, nofollow, noarchive, nosnippet","","https://experienceecuador.com/es/regiones/andes/zuleta/","","","","","","40185","8448","8448","1.252","","1597","236","6.767","41.732","Hard","24.009","0","4","","8","4","0","1.880","34","11","0","0","0","0","","","","","24a0e26179bd96b31245ece986cea2a7","0.168","","","","","es","1.1","","","","","","https://staging.experienceecuador.com/es/regiones/andes/zuleta/","2026-10-02 09:27:21"
"https://staging.experienceecuador.com/es/resenas/","https://staging.experienceecuador.com/es/resenas/","text/html; charset=utf-8","200","OK","Non-Indexable","Canonicalised,noindex","Reseñas de Viajeros en Ecuador | Experience Ecuador","51","475","Lee opiniones sobre Experience Ecuador, comparte tu experiencia o contacta al equipo mientras preparamos el perfil oficial de Google.","133","825","","0","Reseñas","7","Últimas reseñas de Google","25","","0","index,follow","noindex, nofollow, noarchive, nosnippet","","https://experienceecuador.com/es/resenas/","","","","","","31027","7558","7558","1.120","","165","40","4.125","26.270","Very Hard","3.518","0","2","","2","1","0","0.470","4","3","0","0","0","0","","","","","a4fd44460874a70f0ce0d38add31a1d1","0.033","","","","","es","1.1","","","","","","https://staging.experienceecuador.com/es/resenas/","2026-10-02 09:27:20"
"https://staging.experienceecuador.com/es/transporte/","https://staging.experienceecuador.com/es/transporte/","text/html; charset=utf-8","200","OK","Non-Indexable","Canonicalised,noindex","Transporte | Experience Ecuador","31","288","Estima tiempos de traslado en Ecuador. Elige origen y destino, ajusta pasajeros y maletas, y planifica transporte antes de llegar.","130","786","","0","Transporte","10","Usa las estimaciones como punto de partida","42","Construye un plan de traslado realista","38","","noindex, nofollow, noarchive, nosnippet","","https://experienceecuador.com/es/transporte/","","","","","","35112","9447","9447","1.400","","684","112","6.107","26.242","Very Hard","12.682","0","2","","4","3","0","1.410","11","10","0","0","0","0","","","","","df8b8bd34d042e483da888a8539927c9","0.172","","","","","es","1.1","","","","","","https://staging.experienceecuador.com/es/transporte/","2026-10-02 09:27:20"
"https://staging.experienceecuador.com/reviews/","https://staging.experienceecuador.com/reviews/","text/html; charset=utf-8","200","OK","Non-Indexable","Canonicalised,noindex","Ecuador Traveler Reviews | Experience Ecuador","45","420","Read traveler feedback about Experience Ecuador, share your experience or contact our team while the official Google Reviews profile is prepared.","145","896","","0","Reviews","7","Latest Google Reviews","21","","0","index,follow","noindex, nofollow, noarchive, nosnippet","","https://experienceecuador.com/reviews/","","","","","","30767","7389","7389","1.095","","153","39","3.923","65.724","Normal","3.107","0","1","","2","1","0","0.470","4","3","0","0","0","0","","","","","3cf14977fde0262f6fb6345c444bf74a","0.149","","","","","en","1.1","","","","","","https://staging.experienceecuador.com/reviews/","2026-10-02 09:27:18"
"https://staging.experienceecuador.com/transportation/","https://staging.experienceecuador.com/transportation/","text/html; charset=utf-8","200","OK","Non-Indexable","Canonicalised,noindex","Transportation | Experience Ecuador","35","322","Estimate transfer times across Ecuador. Pick a start and destination, adjust passengers and bags, and plan airport and city transport before you arrive.","152","933","","0","Transportation","14","Use transfer estimates as a planning baseline","45","Build a realistic transfer plan","31","","noindex, nofollow, noarchive, nosnippet","","https://experienceecuador.com/transportation/","","","","","","33765","9103","9103","1.349","","580","109","5.321","56.593","Fairly Hard","11.615","0","1","","4","3","0","1.410","11","10","0","0","0","0","","","","","f1e4e288fb774d54f6c2dc7b50a479c9","0.259","","","","","en","1.1","","","","","","https://staging.experienceecuador.com/transportation/","2026-10-02 09:27:18"
"https://staging.experienceecuador.com/explore/","https://staging.experienceecuador.com/explore/","text/html; charset=utf-8","200","OK","Non-Indexable","Canonicalised,noindex","Explore Our Ecuador Network | Experience Ecuador","48","450","Explore our affiliated Ecuador travel brands for birdwatching, Amazon wildlife, cloud forest tours, Mindo adventures, trails, and private stays.","144","866","","0","Explore More of Ecuador","23","Six Local Ways to Experience Ecuador","36","","0","index,follow","noindex, nofollow, noarchive, nosnippet","","https://experienceecuador.com/explore/","","","","","","13376","3535","3535","0.524","","198","30","6.600","51.872","Fairly Hard","9.995","0","1","","0","0","0","0.000","2","2","0","6","6","0","","","","","837e4c11288f5a64904f834b81f8bfbb","0.041","","","","","en","1.1","","","","","","https://staging.experienceecuador.com/explore/","2026-10-02 09:27:20"
"https://staging.experienceecuador.com/es/explora/","https://staging.experienceecuador.com/es/explora/","text/html; charset=utf-8","200","OK","Non-Indexable","Canonicalised,noindex","Explora Nuestra Red en Ecuador | Experience Ecuador","51","475","Explora nuestras marcas afiliadas en Ecuador para observación de aves, Amazonía, tours de bosque nublado, aventuras en Mindo, senderos y estadías privadas.","155","993","","0","Explora Más de Ecuador","22","Seis Formas Locales de Conocer Ecuador","38","","0","index,follow","noindex, nofollow, noarchive, nosnippet","","https://experienceecuador.com/es/explora/","","","","","","13604","3635","3635","0.539","","229","30","7.633","26.193","Very Hard","10.856","0","2","","0","0","0","0.000","2","2","0","6","6","0","","","","","70c7f971d636174a303e9d98cf035142","0.131","","","","","es","1.1","","","","","","https://staging.experienceecuador.com/es/explora/","2026-10-02 09:27:22"
"https://staging.experienceecuador.com/ecuador-coast-itinerary/","https://staging.experienceecuador.com/ecuador-coast-itinerary/","text/html; charset=utf-8","200","OK","Non-Indexable","Canonicalised,noindex","7-Day Ecuador Coast Itinerary | Guayaquil to Ruta del Sol","57","499","Plan a realistic seven-day Ecuador Coast itinerary from Guayaquil through the Ruta del Sol, with timing, wildlife and practical route notes.","140","842","","0","A Realistic Ecuador Coast Itinerary","35","How should you spend seven days on Ecuador's coast?","51","Suggested 7-day route","21","index,follow","noindex, nofollow, noarchive, nosnippet","","https://experienceecuador.com/ecuador-coast-itinerary/","","","","","","11476","4275","4275","0.634","","476","79","6.025","54.802","Fairly Hard","27.888","0","1","","4","4","0","1.880","12","10","0","0","0","0","","","","","a38a3cca606c0cfc9db02074c3685363","0.118","","","","","en","1.1","","","","","","https://staging.experienceecuador.com/ecuador-coast-itinerary/","2026-10-02 09:27:22"
"https://staging.experienceecuador.com/es/itinerario-costa-ecuador/","https://staging.experienceecuador.com/es/itinerario-costa-ecuador/","text/html; charset=utf-8","200","OK","Non-Indexable","Canonicalised,noindex","Itinerario de 7 días por la Costa de Ecuador","44","381","Planifica un itinerario realista de 7 días por la Costa de Ecuador desde Guayaquil y la Ruta del Sol, con opciones de ruta, tiempos y consejos prácticos.","153","919","","0","Un itinerario realista por la Costa de Ecuador","46","¿Cómo aprovechar siete días en la Costa de Ecuador?","51","Ruta sugerida de 7 días","23","index,follow","noindex, nofollow, noarchive, nosnippet","","https://experienceecuador.com/es/itinerario-costa-ecuador/","","","","","","11955","4388","4388","0.650","","538","79","6.810","32.138","Hard","28.745","0","2","","4","4","0","1.880","12","10","0","0","0","0","","","","","61006642fb6c26b2a851d23107497ddd","0.184","","","","","es","1.1","","","","","","https://staging.experienceecuador.com/es/itinerario-costa-ecuador/","2026-10-02 09:27:22"
"https://staging.experienceecuador.com/ecuador-amazon-galapagos-itinerary/","https://staging.experienceecuador.com/ecuador-amazon-galapagos-itinerary/","text/html; charset=utf-8","200","OK","Non-Indexable","Canonicalised,noindex","Amazon and Galapagos Itinerary | 12–14 Days in Ecuador","54","508","Plan a realistic 12–14 day Ecuador Amazon and Galapagos itinerary with Quito buffers, rainforest lodge time, island sequencing, and practical transfer guidance.","160","992","","0","Combine Ecuador's Rainforest and Islands","40","Can you visit the Amazon and Galapagos in one trip?","51","A protected 14-day sequence","27","index,follow","noindex, nofollow, noarchive, nosnippet","","https://experienceecuador.com/ecuador-amazon-galapagos-itinerary/","","","","","","11915","4420","4420","0.655","","492","81","6.074","39.895","Hard","29.294","0","1","","8","8","0","3.760","14","12","0","0","0","0","","","","","8b04b9f471a13dd64bffd5df3553a9a5","0.193","","","","","en","1.1","","","","","","https://staging.experienceecuador.com/ecuador-amazon-galapagos-itinerary/","2026-10-02 09:27:23"
"https://staging.experienceecuador.com/es/itinerario-amazonia-galapagos/","https://staging.experienceecuador.com/es/itinerario-amazonia-galapagos/","text/html; charset=utf-8","200","OK","Non-Indexable","Canonicalised,noindex","Itinerario Amazonía y Galápagos | 12–14 días","44","403","Planifica un itinerario realista de 12 a 14 días por la Amazonía y Galápagos, con noches de margen en Quito, tiempo de lodge y secuencia insular.","145","890","","0","Combina la selva y las islas de Ecuador","39","¿Se pueden visitar la Amazonía y Galápagos en un solo viaje?","60","Una secuencia protegida de 14 días","34","index,follow","noindex, nofollow, noarchive, nosnippet","","https://experienceecuador.com/es/itinerario-amazonia-galapagos/","","","","","","11931","4428","4428","0.656","","515","79","6.519","27.240","Very Hard","28.542","0","2","","8","8","0","3.760","14","12","0","0","0","0","","","","","5b1c0d6df0204c12636b73cc63640a6e","0.149","","","","","es","1.1","","","","","","https://staging.experienceecuador.com/es/itinerario-amazonia-galapagos/","2026-10-02 09:27:22"
"https://staging.experienceecuador.com/ecuador-birdwatching-itinerary/","https://staging.experienceecuador.com/ecuador-birdwatching-itinerary/","text/html; charset=utf-8","200","OK","Non-Indexable","Canonicalised,noindex","Ecuador Birdwatching Itinerary | 10–12 Day Route","48","438","Plan a 10–12 day Ecuador birdwatching route through Quito, Mindo and Chocó Andino with varied elevations and specialist support.","128","818","","0","Build an Ecuador Birdwatching Route by Habitat","46","What is a strong first birdwatching itinerary in Ecuador?","57","Suggested national birding shape","32","index,follow","noindex, nofollow, noarchive, nosnippet","","https://experienceecuador.com/ecuador-birdwatching-itinerary/","","","","","","12445","4515","4515","0.669","","526","91","5.780","36.754","Hard","30.674","0","1","","14","10","0","4.690","14","13","0","3","1","0","","","","","afa6d270fc2a881964c0d66f3a9a5f26","0.136","","","","","en","1.1","","","","","","https://staging.experienceecuador.com/ecuador-birdwatching-itinerary/","2026-10-02 09:27:22"
"https://staging.experienceecuador.com/es/itinerario-aviturismo-ecuador/","https://staging.experienceecuador.com/es/itinerario-aviturismo-ecuador/","text/html; charset=utf-8","200","OK","Non-Indexable","Canonicalised,noindex","Itinerario de aviturismo en Ecuador | 10–12 días","48","425","Planifica 10 a 12 días de aviturismo por Quito, Mindo y Chocó Andino, con distintas elevaciones, ritmo realista y apoyo especializado.","134","817","","0","Construye una ruta de aviturismo por hábitats","45","¿Cómo organizar un primer itinerario de aviturismo en Ecuador?","62","Forma sugerida de la ruta nacional","34","index,follow","noindex, nofollow, noarchive, nosnippet","","https://experienceecuador.com/es/itinerario-aviturismo-ecuador/","","","","","","12672","4567","4567","0.677","","567","92","6.163","10.192","Very Hard","30.889","0","2","","14","10","0","4.690","14","13","0","3","1","0","","","","","55c28f30823dbab8eae8a68b7060a586","0.182","","","","","es","1.1","","","","","","https://staging.experienceecuador.com/es/itinerario-aviturismo-ecuador/","2026-10-02 09:27:22"
"https://staging.experienceecuador.com/tours/ecuador-choco-biodiversity/","https://staging.experienceecuador.com/tours/ecuador-choco-biodiversity/","text/html; charset=utf-8","200","OK","Non-Indexable","Canonicalised,noindex","Ecuador Chocó Biodiversity Route | 7–9 Day Plan","47","431","Explore a responsible 7–9 day Ecuador Chocó biodiversity route through northwest cloud-forest elevations with realistic pacing and planning safeguards.","151","945","","0","Follow the Chocó Andino Across Elevations","41","What makes a strong Chocó biodiversity route?","45","A responsible route shape","25","index,follow","noindex, nofollow, noarchive, nosnippet","","https://experienceecuador.com/tours/ecuador-choco-biodiversity/","","","","","","12613","4663","4663","0.691","","550","94","5.851","37.080","Hard","31.290","0","2","","8","8","0","3.760","11","9","0","1","1","0","","","","","511c11efcb5f9d1f157f1f0c81a1ddb0","0.187","","","","","en","1.1","","","","","","https://staging.experienceecuador.com/tours/ecuador-choco-biodiversity/","2026-10-02 09:27:18"
"https://staging.experienceecuador.com/es/tours/biodiversidad-choco-ecuador/","https://staging.experienceecuador.com/es/tours/biodiversidad-choco-ecuador/","text/html; charset=utf-8","200","OK","Non-Indexable","Canonicalised,noindex","Ruta de Biodiversidad del Chocó | Plan de 7–9 Días","50","452","Explora una ruta responsable de 7–9 días por la biodiversidad del Chocó ecuatoriano, con distintos pisos altitudinales y planificación clara.","141","854","","0","Recorre el Chocó Andino a Través de sus Elevaciones","51","¿Qué necesita una buena ruta de biodiversidad por el Chocó?","59","Una forma responsable de organizar la ruta","42","index,follow","noindex, nofollow, noarchive, nosnippet","","https://experienceecuador.com/es/tours/biodiversidad-choco-ecuador/","","","","","","13233","4908","4908","0.727","","630","94","6.702","17.001","Very Hard","32.216","0","3","","8","8","0","3.760","11","9","0","1","1","0","","","","","b97a67b5d1879f0d2b710eb29fe26962","0.172","","","","","es","1.1","","","","","","https://staging.experienceecuador.com/es/tours/biodiversidad-choco-ecuador/","2026-10-02 09:27:20"
"https://staging.experienceecuador.com/tours/ecuador-photo-tour/","https://staging.experienceecuador.com/tours/ecuador-photo-tour/","text/html; charset=utf-8","200","OK","Non-Indexable","Canonicalised,noindex","Ecuador Wildlife Photography Route | 8–10 Day Plan","50","463","Plan an 8–10 day Ecuador wildlife photography route through high-Andes, east-slope, Mindo, and Chocó habitats with realistic access and pacing.","143","902","","0","Plan Ecuador Around Light, Habitat, and Time","44","What makes an effective wildlife photography route in Ecuador?","62","A photography-first route shape","31","index,follow","noindex, nofollow, noarchive, nosnippet","","https://experienceecuador.com/tours/ecuador-photo-tour/","","","","","","13693","4893","4893","0.725","","603","97","6.216","33.430","Hard","32.411","0","2","","10","10","0","4.690","17","15","0","0","0","0","","","","","8f98f35b90ffacc8773a5fec85ff095b","0.157","","","","","en","1.1","","","","","","https://staging.experienceecuador.com/tours/ecuador-photo-tour/","2026-10-02 09:27:18"
"https://staging.experienceecuador.com/es/tours/tour-fotografia-ecuador/","https://staging.experienceecuador.com/es/tours/tour-fotografia-ecuador/","text/html; charset=utf-8","200","OK","Non-Indexable","Canonicalised,noindex","Tour de Fotografía de Fauna en Ecuador | Plan de 8–10 Días","58","533","Planifica una ruta de 8–10 días para fotografía de fauna en Ecuador entre Andes altos, vertiente oriental, Mindo y Chocó, con acceso y ritmo realistas.","151","923","","0","Planifica Ecuador Según la Luz, el Hábitat y el Tiempo","54","¿Qué necesita una ruta efectiva de fotografía de fauna en Ecuador?","66","Una ruta pensada para fotografía","32","index,follow","noindex, nofollow, noarchive, nosnippet","","https://experienceecuador.com/es/tours/tour-fotografia-ecuador/","","","","","","14465","5163","5163","0.765","","731","104","7.029","18.349","Very Hard","34.042","0","3","","10","10","0","4.690","17","15","0","0","0","0","","","","","3cea3c980f92bf7a55479e27df4b8311","0.131","","","","","es","1.1","","","","","","https://staging.experienceecuador.com/es/tours/tour-fotografia-ecuador/","2026-10-02 09:27:20"
"https://staging.experienceecuador.com/tours/ecuador-birds-mammals/","https://staging.experienceecuador.com/tours/ecuador-birds-mammals/","text/html; charset=utf-8","200","OK","Non-Indexable","Canonicalised,noindex","Ecuador Birds & Mammals Route | 14-Day Plan","43","412","Plan a 14-day Ecuador birds and mammals route linking northwest cloud forest, the Amazon, east-slope habitats, and high-Andes wildlife.","135","848","","0","Connect Ecuador’s Strongest Wildlife Habitats","45","How should a birds and mammals route cross Ecuador?","51","A balanced 14-day wildlife sequence","35","index,follow","noindex, nofollow, noarchive, nosnippet","","https://experienceecuador.com/tours/ecuador-birds-mammals/","","","","","","13545","4849","4849","0.719","","626","97","6.454","39.869","Hard","33.178","0","2","","11","11","0","5.160","14","12","0","0","0","0","","","","","62f848d157e715e0b7bfb33c00a4d9ec","0.181","","","","","en","1.1","","","","","","https://staging.experienceecuador.com/tours/ecuador-birds-mammals/","2026-10-02 09:27:18"
"https://staging.experienceecuador.com/es/tours/aves-mamiferos-ecuador/","https://staging.experienceecuador.com/es/tours/aves-mamiferos-ecuador/","text/html; charset=utf-8","200","OK","Non-Indexable","Canonicalised,noindex","Ruta de Aves y Mamíferos en Ecuador | 14 Días","45","418","Planifica una ruta de 14 días por Ecuador para observar aves y mamíferos en el bosque nublado, la Amazonía, la vertiente oriental y los Andes.","142","875","","0","Conecta los Hábitats Más Destacados de Ecuador","46","¿Cómo debería cruzar Ecuador una ruta de aves y mamíferos?","58","Una secuencia equilibrada de 14 días","36","index,follow","noindex, nofollow, noarchive, nosnippet","","https://experienceecuador.com/es/tours/aves-mamiferos-ecuador/","","","","","","14135","5067","5067","0.751","","711","99","7.182","18.090","Very Hard","33.827","0","3","","11","11","0","5.160","14","12","0","0","0","0","","","","","2fc96ddb0d3a2a581469aec144b67241","0.145","","","","","es","1.1","","","","","","https://staging.experienceecuador.com/es/tours/aves-mamiferos-ecuador/","2026-10-02 09:27:20"
"https://staging.experienceecuador.com/tours/ecuador-enigmatic-reptiles-amphibians/","https://staging.experienceecuador.com/tours/ecuador-enigmatic-reptiles-amphibians/","text/html; charset=utf-8","200","OK","Non-Indexable","Canonicalised,noindex","Ecuador Reptiles & Amphibians Route | 16-Day Plan","49","455","Plan a 16-day Ecuador reptiles and amphibians route through Mindo, Baños, Misahuallí, the Amazon lowlands, and the eastern Andes.","129","826","","0","Follow Ecuador’s Herpetology Habitats by Elevation","50","What makes an Ecuador herpetology route responsible?","52","A safety-led 16-day route shape","31","index,follow","noindex, nofollow, noarchive, nosnippet","","https://experienceecuador.com/tours/ecuador-enigmatic-reptiles-amphibians/","","","","","","13290","4840","4840","0.717","","578","92","6.283","19.110","Very Hard","33.977","0","2","","6","6","0","2.820","11","9","0","0","0","0","","","","","a1f455a16b6fc9d1fe189dc4865c95f6","0.140","","","","","en","1.1","","","","","","https://staging.experienceecuador.com/tours/ecuador-enigmatic-reptiles-amphibians/","2026-10-02 09:27:18"
"https://staging.experienceecuador.com/es/tours/reptiles-anfibios-ecuador/","https://staging.experienceecuador.com/es/tours/reptiles-anfibios-ecuador/","text/html; charset=utf-8","200","OK","Non-Indexable","Canonicalised,noindex","Ruta de Reptiles y Anfibios en Ecuador | 16 Días","48","422","Planifica una ruta de 16 días para observar reptiles y anfibios en Mindo, Baños, Misahuallí, la Amazonía baja y los Andes orientales.","133","806","","0","Sigue los Hábitats Herpetológicos por Elevación","47","¿Qué hace responsable una ruta herpetológica en Ecuador?","56","Una ruta de 16 días guiada por la seguridad","43","index,follow","noindex, nofollow, noarchive, nosnippet","","https://experienceecuador.com/es/tours/reptiles-anfibios-ecuador/","","","","","","13254","4812","4812","0.713","","601","87","6.908","0.000","Very Hard","32.960","0","3","","6","6","0","2.820","11","9","0","0","0","0","","","","","ebd301e572f37a599910d6e4be1b5b07","0.280","","","","","es","1.1","","","","","","https://staging.experienceecuador.com/es/tours/reptiles-anfibios-ecuador/","2026-10-02 09:27:20"
"https://staging.experienceecuador.com/tours/ecuador-southern-endemic-birds/","https://staging.experienceecuador.com/tours/ecuador-southern-endemic-birds/","text/html; charset=utf-8","200","OK","Non-Indexable","Canonicalised,noindex","Southern Ecuador Endemic Birds Route | 11-Day Plan","50","468","Plan an 11-day southern Ecuador birding route through Churute, Buenaventura, Copalinga, Tapichalaca, Catamayo, and optional high Andes.","135","871","","0","Follow Southern Ecuador’s Distinct Bird Habitats","48","How should a southern Ecuador birding route be organized?","57","An 11-day southern birding sequence","35","index,follow","noindex, nofollow, noarchive, nosnippet","","https://experienceecuador.com/tours/ecuador-southern-endemic-birds/","","","","","","13154","4825","4825","0.715","","603","91","6.626","33.996","Hard","33.420","0","2","","6","6","0","2.820","10","8","0","1","1","0","","","","","452c366839cb367fc085e22a4521ec8d","0.137","","","","","en","1.1","","","","","","https://staging.experienceecuador.com/tours/ecuador-southern-endemic-birds/","2026-10-02 09:27:18"
"https://staging.experienceecuador.com/es/tours/aves-endemicas-sur-ecuador/","https://staging.experienceecuador.com/es/tours/aves-endemicas-sur-ecuador/","text/html; charset=utf-8","200","OK","Non-Indexable","Canonicalised,noindex","Ruta de Aves Endémicas del Sur de Ecuador | 11 Días","51","472","Planifica una ruta de 11 días por Churute, Buenaventura, Copalinga, Tapichalaca, Catamayo y, si la logística permite, los Andes altos.","134","818","","0","Recorre los Hábitats Distintivos del Sur de Ecuador","51","¿Cómo se debería organizar una ruta de aves por el sur?","55","Una secuencia de 11 días por el sur","35","index,follow","noindex, nofollow, noarchive, nosnippet","","https://experienceecuador.com/es/tours/aves-endemicas-sur-ecuador/","","","","","","13308","4907","4907","0.727","","620","90","6.889","6.764","Very Hard","32.740","0","3","","6","6","0","2.820","10","8","0","1","1","0","","","","","234e837a7c7b63e4533cd5a63a53ad7d","0.140","","","","","es","1.1","","","","","","https://staging.experienceecuador.com/es/tours/aves-endemicas-sur-ecuador/","2026-10-02 09:27:20"
"https://staging.experienceecuador.com/tours/ecuador-the-andes-and-amazon-exotic/","https://staging.experienceecuador.com/tours/ecuador-the-andes-and-amazon-exotic/","text/html; charset=utf-8","200","OK","Non-Indexable","Canonicalised,noindex","Ecuador Andes & Amazon Wildlife Route | 14 Days","47","443","Plan a 14-day Ecuador Andes and Amazon wildlife route through Chocó cloud forest, a rainforest lodge, the east slope, and high Andes.","133","832","","0","Connect Ecuador’s Western and Eastern Wildlife Slopes","53","How should an Andes and Amazon wildlife route be paced?","55","A protected 14-day cross-Andes sequence","39","index,follow","noindex, nofollow, noarchive, nosnippet","","https://experienceecuador.com/tours/ecuador-the-andes-and-amazon-exotic/","","","","","","13115","4821","4821","0.714","","597","89","6.708","37.203","Hard","33.196","0","2","","10","10","0","4.690","11","9","0","0","0","0","","","","","1a44aa9e2751f782e512bbc694ed6674","0.156","","","","","en","1.1","","","","","","https://staging.experienceecuador.com/tours/ecuador-the-andes-and-amazon-exotic/","2026-10-02 09:27:18"
"https://staging.experienceecuador.com/es/tours/andes-amazonia-exotica-ecuador/","https://staging.experienceecuador.com/es/tours/andes-amazonia-exotica-ecuador/","text/html; charset=utf-8","200","OK","Non-Indexable","Canonicalised,noindex","Ruta de Fauna por Andes y Amazonía | Plan de 14 Días","52","485","Planifica una ruta de 14 días por Andes y Amazonía entre bosque nublado del Chocó, lodge de selva, vertiente oriental y páramo.","127","789","","0","Conecta las Vertientes Occidental y Oriental de Ecuador","55","¿Cómo debería organizarse una ruta por Andes y Amazonía?","56","Una secuencia protegida de 14 días","34","index,follow","noindex, nofollow, noarchive, nosnippet","","https://experienceecuador.com/es/tours/andes-amazonia-exotica-ecuador/","","","","","","13431","4927","4927","0.730","","641","90","7.122","11.401","Very Hard","33.373","0","3","","10","10","0","4.690","11","9","0","0","0","0","","","","","c1cad5b84de31c55483503a4101074e9","0.152","","","","","es","1.1","","","","","","https://staging.experienceecuador.com/es/tours/andes-amazonia-exotica-ecuador/","2026-10-02 09:27:20"
"https://staging.experienceecuador.com/tours/ecuador-wild-andes-bears-birds-explorer/","https://staging.experienceecuador.com/tours/ecuador-wild-andes-bears-birds-explorer/","text/html; charset=utf-8","200","OK","Non-Indexable","Canonicalised,noindex","Andean Bears & Birds Route in Ecuador | 10 Days","47","431","Research a 10-day Ecuador Andean bears and birds route combining an ethical tracker-led bear block with Chocó cloud-forest photography.","135","862","","0","Plan Bear Observation Around Ethics, Tracking, and Habitat","58","What makes an Andean bear route responsible?","44","A protected 10-day wildlife sequence","36","index,follow","noindex, nofollow, noarchive, nosnippet","","https://experienceecuador.com/tours/ecuador-wild-andes-bears-birds-explorer/","","","","","","13423","4897","4897","0.726","","620","91","6.813","27.854","Very Hard","34.559","0","2","","8","8","0","3.760","11","9","0","0","0","0","","","","","994d3c356cfb8f28acbff5ec4d8bb9fd","0.153","","","","","en","1.1","","","","","","https://staging.experienceecuador.com/tours/ecuador-wild-andes-bears-birds-explorer/","2026-10-02 09:27:18"
"https://staging.experienceecuador.com/es/tours/andes-salvajes-osos-aves-ecuador/","https://staging.experienceecuador.com/es/tours/andes-salvajes-osos-aves-ecuador/","text/html; charset=utf-8","200","OK","Non-Indexable","Canonicalised,noindex","Ruta de Osos Andinos y Aves en Ecuador | 10 Días","48","443","Investiga una ruta de 10 días por Ecuador con observación ética de osos andinos mediante rastreadores y fotografía de aves del Chocó.","133","838","","0","Planifica la Observación de Osos con Ética y Rastreo Local","58","¿Qué hace responsable una ruta de osos andinos?","47","Una secuencia protegida de 10 días","34","index,follow","noindex, nofollow, noarchive, nosnippet","","https://experienceecuador.com/es/tours/andes-salvajes-osos-aves-ecuador/","","","","","","13704","4947","4947","0.733","","684","91","7.516","14.051","Very Hard","34.402","0","3","","8","8","0","3.760","11","9","0","0","0","0","","","","","1351d3809dc27f3000c914d6d0749ac0","0.142","","","","","es","1.1","","","","","","https://staging.experienceecuador.com/es/tours/andes-salvajes-osos-aves-ecuador/","2026-10-02 09:27:20"
"https://staging.experienceecuador.com/tours/galapagos-islands-wildlife-nature/","https://staging.experienceecuador.com/tours/galapagos-islands-wildlife-nature/","text/html; charset=utf-8","200","OK","Non-Indexable","Canonicalised,noindex","Galápagos Wildlife & Nature Extension | 5-Day Plan","50","452","Research a responsible 5-day, land-based Galápagos wildlife and nature extension centered on Santa Cruz, authorized day tours, and protected logistics.","151","941","","0","Use Santa Cruz as a Short Wildlife Extension","44","How can a five-day Galápagos extension stay realistic?","54","A protected five-day sequence","29","index,follow","noindex, nofollow, noarchive, nosnippet","","https://experienceecuador.com/tours/galapagos-islands-wildlife-nature/","","","","","","13100","4677","4677","0.693","","560","92","6.087","21.939","Very Hard","32.928","0","2","","9","9","0","4.230","11","9","0","0","0","0","","","","","d844e233c78a5ecc3fc6e7eb44e05b2c","0.232","","","","","en","1.1","","","","","","https://staging.experienceecuador.com/tours/galapagos-islands-wildlife-nature/","2026-10-02 09:27:18"
"https://staging.experienceecuador.com/es/tours/galapagos-fauna-naturaleza/","https://staging.experienceecuador.com/es/tours/galapagos-fauna-naturaleza/","text/html; charset=utf-8","200","OK","Non-Indexable","Canonicalised,noindex","Extensión de Fauna en Galápagos | Plan de 5 Días","48","443","Investiga una extensión responsable de 5 días en Galápagos con base en Santa Cruz, excursiones autorizadas y logística protegida.","129","812","","0","Usa Santa Cruz como una Extensión Corta de Fauna","48","¿Cómo mantener realista una extensión de cinco días?","52","Una secuencia protegida de cinco días","37","index,follow","noindex, nofollow, noarchive, nosnippet","","https://experienceecuador.com/es/tours/galapagos-fauna-naturaleza/","","","","","","13353","4783","4783","0.709","","616","93","6.624","3.994","Very Hard","33.560","0","3","","9","9","0","4.230","11","9","0","0","0","0","","","","","cda5648f358370e5c19e873aa873d46e","0.180","","","","","es","1.1","","","","","","https://staging.experienceecuador.com/es/tours/galapagos-fauna-naturaleza/","2026-10-02 09:27:20"
"https://staging.experienceecuador.com/tours/galapagos-wildlife-bird-photography/","https://staging.experienceecuador.com/tours/galapagos-wildlife-bird-photography/","text/html; charset=utf-8","200","OK","Non-Indexable","Canonicalised,noindex","Galápagos Wildlife Photography Circuit | 8-Day Plan","51","458","Research an 8-day, land-based Galápagos wildlife and bird photography circuit across San Cristóbal, Isabela, and Santa Cruz.","124","774","","0","Plan Three Islands Around Access, Light, and Wildlife","53","What makes a three-island photography circuit viable?","53","A protected eight-day island sequence","37","index,follow","noindex, nofollow, noarchive, nosnippet","","https://experienceecuador.com/tours/galapagos-wildlife-bird-photography/","","","","","","13519","4838","4838","0.717","","618","95","6.505","25.967","Very Hard","35.179","0","2","","11","11","0","5.160","11","9","0","0","0","0","","","","","c84f1859a493f79cdb370c30c1bbc4e3","0.232","","","","","en","1.1","","","","","","https://staging.experienceecuador.com/tours/galapagos-wildlife-bird-photography/","2026-10-02 09:27:18"
"https://staging.experienceecuador.com/es/tours/galapagos-fotografia-fauna-aves/","https://staging.experienceecuador.com/es/tours/galapagos-fotografia-fauna-aves/","text/html; charset=utf-8","200","OK","Non-Indexable","Canonicalised,noindex","Fotografía de Fauna en Galápagos | Plan de 8 Días","49","448","Investiga un circuito terrestre de 8 días para fotografía de fauna y aves en San Cristóbal, Isabela y Santa Cruz, Galápagos.","124","752","","0","Planifica Tres Islas Según Acceso, Luz y Fauna","46","¿Qué hace viable un circuito fotográfico de tres islas?","55","Una secuencia protegida de ocho días","36","index,follow","noindex, nofollow, noarchive, nosnippet","","https://experienceecuador.com/es/tours/galapagos-fotografia-fauna-aves/","","","","","","13702","4967","4967","0.736","","686","95","7.221","10.204","Very Hard","35.056","0","3","","11","11","0","5.160","11","9","0","0","0","0","","","","","86462d3d289eb5fbb78c957edca49501","0.185","","","","","es","1.1","","","","","","https://staging.experienceecuador.com/es/tours/galapagos-fotografia-fauna-aves/","2026-10-02 09:27:20"
"https://staging.experienceecuador.com/plan-your-trip/","https://staging.experienceecuador.com/plan-your-trip/","text/html; charset=utf-8","200","OK","Non-Indexable","Canonicalised,noindex","Plan Your Ecuador Trip | Personalized Regional Planning","55","499","Plan a personalized Ecuador journey across the Amazon, Andes, Coast, or Galápagos with guidance from an Ecuador-based travel team.","130","842","","0","Four Worlds. One Extraordinary Ecuador.","39","Planning that starts with you","29","Amazon","6","index,follow","noindex, nofollow, noarchive, nosnippet","","https://experienceecuador.com/plan-your-trip/","","","","","","12524","3793","3793","0.562","","331","63","5.254","60.673","Normal","17.267","0","1","","9","7","0","3.290","10","8","0","0","0","0","","","","","635cd88b6ff885e32e11f94e7d5f1e1b","0.136","","","","","en","1.1","","","","","","https://staging.experienceecuador.com/plan-your-trip/","2026-10-02 09:27:20"
"https://staging.experienceecuador.com/es/planifica-tu-viaje/","https://staging.experienceecuador.com/es/planifica-tu-viaje/","text/html; charset=utf-8","200","OK","Non-Indexable","Canonicalised,noindex","Planifica tu Viaje a Ecuador | Asesoría Personalizada","53","469","Planifica un viaje personalizado por Amazonía, Andes, Costa o Galápagos con la orientación de un equipo local en Ecuador.","121","759","","0","Cuatro Mundos. Un Ecuador Extraordinario.","41","Planificación que comienza contigo","34","Amazonía","8","index,follow","noindex, nofollow, noarchive, nosnippet","","https://experienceecuador.com/es/planifica-tu-viaje/","","","","","","12666","3824","3824","0.567","","308","61","5.049","17.403","Very Hard","17.088","0","2","","8","6","0","2.820","10","8","0","0","0","0","","","","","920a77743610c3472d170e790d78e147","0.216","","","","","es","1.1","","","","","","https://staging.experienceecuador.com/es/planifica-tu-viaje/","2026-10-02 09:27:21"
"https://staging.experienceecuador.com/plan-your-trip/amazon/","https://staging.experienceecuador.com/plan-your-trip/amazon/","text/html; charset=utf-8","200","OK","Non-Indexable","Canonicalised,noindex","Plan an Ecuador Amazon Trip | Lodges & Wildlife","47","432","Share your dates, group needs, wildlife interests, lodge comfort, and budget to receive personalized Ecuador Amazon recommendations.","132","838","","0","Shape Your Ecuador Amazon Experience.","37","Tell us what matters.","21","Your Amazon planning profile","28","index,follow","noindex, nofollow, noarchive, nosnippet","","https://experienceecuador.com/plan-your-trip/amazon/","","","","","","28442","6121","6121","0.907","","493","100","4.930","54.768","Fairly Hard","12.863","0","2","","4","3","0","1.410","9","7","0","0","0","0","","","","","a8d7917c372430daf073abd1f900fd5a","0.133","","","","","en","1.1","","","","","","https://staging.experienceecuador.com/plan-your-trip/amazon/","2026-10-02 09:27:20"
"https://staging.experienceecuador.com/es/planifica-tu-viaje/amazonia/","https://staging.experienceecuador.com/es/planifica-tu-viaje/amazonia/","text/html; charset=utf-8","200","OK","Non-Indexable","Canonicalised,noindex","Planifica la Amazonía de Ecuador | Asesoría privada","51","462","Comparte fechas, intereses de fauna, nivel de alojamiento y presupuesto para recibir recomendaciones personalizadas de la Amazonía ecuatoriana.","143","910","","0","Diseña tu Experiencia en la Amazonía Ecuatoriana.","49","Cuéntanos qué es importante.","28","Tu perfil de viaje: Amazonía","28","index,follow","noindex, nofollow, noarchive, nosnippet","","https://experienceecuador.com/es/planifica-tu-viaje/amazonia/","","","","","","28872","6330","6330","0.938","","493","100","4.930","7.405","Very Hard","13.411","0","3","","4","3","0","1.410","9","7","0","0","0","0","","","","","9caef0f14f28a07a114c56208e845f7","0.218","","","","","es","1.1","","","","","","https://staging.experienceecuador.com/es/planifica-tu-viaje/amazonia/","2026-10-02 09:27:21"
"https://staging.experienceecuador.com/plan-your-trip/andes/","https://staging.experienceecuador.com/plan-your-trip/andes/","text/html; charset=utf-8","200","OK","Non-Indexable","Canonicalised,noindex","Plan Your Ecuador Andes Trip | Custom Highlands Advice","54","508","Share your dates, pace, interests, elevation comfort, and accommodation style for personalized Ecuador Andes recommendations.","125","803","","0","Shape Your Ecuador Andes Experience.","36","Tell us what matters.","21","Your Andes planning profile","27","index,follow","noindex, nofollow, noarchive, nosnippet","","https://experienceecuador.com/plan-your-trip/andes/","","","","","","28039","6066","6066","0.899","","473","95","4.979","52.435","Fairly Hard","12.726","0","2","","4","3","0","1.410","9","7","0","0","0","0","","","","","7f260b6a455c9c90025fefe60676528","0.050","","","","","en","1.1","","","","","","https://staging.experienceecuador.com/plan-your-trip/andes/","2026-10-02 09:27:20"
"https://staging.experienceecuador.com/es/planifica-tu-viaje/andes/","https://staging.experienceecuador.com/es/planifica-tu-viaje/andes/","text/html; charset=utf-8","200","OK","Non-Indexable","Canonicalised,noindex","Planifica los Andes de Ecuador | Asesoría privada","49","438","Comparte fechas, ritmo, intereses, comodidad con la altura y alojamiento para recibir recomendaciones personalizadas de los Andes de Ecuador.","141","892","","0","Diseña tu Experiencia en los Andes de Ecuador.","46","Cuéntanos qué es importante.","28","Tu perfil de viaje: Andes","25","index,follow","noindex, nofollow, noarchive, nosnippet","","https://experienceecuador.com/es/planifica-tu-viaje/andes/","","","","","","28380","6231","6231","0.923","","479","98","4.888","10.067","Very Hard","13.216","0","3","","4","3","0","1.410","9","7","0","0","0","0","","","","","e24d67d71f0f668807864cbc2cebad77","0.044","","","","","es","1.1","","","","","","https://staging.experienceecuador.com/es/planifica-tu-viaje/andes/","2026-10-02 09:27:21"
"https://staging.experienceecuador.com/plan-your-trip/coast/","https://staging.experienceecuador.com/plan-your-trip/coast/","text/html; charset=utf-8","200","OK","Non-Indexable","Canonicalised,noindex","Plan an Ecuador Coast Trip | Beaches & Wildlife","47","421","Share your dates, beach style, marine wildlife interests, pace, and accommodation needs for personalized Ecuador Coast recommendations.","135","862","","0","Shape Your Ecuador Coast Experience.","36","Tell us what matters.","21","Your Coast planning profile","27","index,follow","noindex, nofollow, noarchive, nosnippet","","https://experienceecuador.com/plan-your-trip/coast/","","","","","","28272","6101","6101","0.904","","478","96","4.979","54.351","Fairly Hard","12.730","0","2","","6","4","0","1.880","9","7","0","0","0","0","","","","","5e3c87991eec41bcd8295254fa5d96fc","0.042","","","","","en","1.1","","","","","","https://staging.experienceecuador.com/plan-your-trip/coast/","2026-10-02 09:27:20"
"https://staging.experienceecuador.com/es/planifica-tu-viaje/costa/","https://staging.experienceecuador.com/es/planifica-tu-viaje/costa/","text/html; charset=utf-8","200","OK","Non-Indexable","Canonicalised,noindex","Planifica la Costa de Ecuador | Playas y naturaleza","51","448","Comparte fechas, estilo de playa, fauna marina, ritmo y alojamiento para recibir recomendaciones personalizadas de la Costa de Ecuador.","135","849","","0","Diseña tu Experiencia en la Costa de Ecuador.","45","Cuéntanos qué es importante.","28","Tu perfil de viaje: Costa","25","index,follow","noindex, nofollow, noarchive, nosnippet","","https://experienceecuador.com/es/planifica-tu-viaje/costa/","","","","","","28528","6276","6276","0.930","","487","98","4.969","13.482","Very Hard","13.173","0","3","","6","4","0","1.880","9","7","0","0","0","0","","","","","9b87e1b0e290ede1a2ec61d5879674d","0.038","","","","","es","1.1","","","","","","https://staging.experienceecuador.com/es/planifica-tu-viaje/costa/","2026-10-02 09:27:21"
"https://staging.experienceecuador.com/plan-your-trip/galapagos/","https://staging.experienceecuador.com/plan-your-trip/galapagos/","text/html; charset=utf-8","200","OK","Non-Indexable","Canonicalised,noindex","Plan Your Galápagos Trip | Personalized Island Advice","53","480","Share your dates, cruise or land preference, wildlife interests, water comfort, and budget for personalized Galápagos recommendations.","134","835","","0","Shape Your Galápagos Experience.","32","Tell us what matters.","21","Your Galápagos planning profile","31","index,follow","noindex, nofollow, noarchive, nosnippet","","https://experienceecuador.com/plan-your-trip/galapagos/","","","","","","28054","6056","6056","0.897","","469","98","4.786","49.914","Hard","12.842","0","2","","4","3","0","1.410","9","7","0","0","0","0","","","","","730f12279822669469cd02d0354006cc","0.036","","","","","en","1.1","","","","","","https://staging.experienceecuador.com/plan-your-trip/galapagos/","2026-10-02 09:27:20"
"https://staging.experienceecuador.com/es/planifica-tu-viaje/galapagos/","https://staging.experienceecuador.com/es/planifica-tu-viaje/galapagos/","text/html; charset=utf-8","200","OK","Non-Indexable","Canonicalised,noindex","Planifica tu Viaje a Galápagos | Asesoría Personalizada","55","492","Comparte fechas, preferencia por crucero o tierra, fauna, comodidad en el agua y presupuesto para recibir recomendaciones de Galápagos.","135","859","","0","Diseña tu Experiencia en Galápagos.","35","Cuéntanos qué es importante.","28","Tu perfil de viaje: Galápagos","29","index,follow","noindex, nofollow, noarchive, nosnippet","","https://experienceecuador.com/es/planifica-tu-viaje/galapagos/","","","","","","28370","6266","6266","0.929","","478","99","4.828","10.257","Very Hard","13.275","0","3","","4","3","0","1.410","9","7","0","0","0","0","","","","","a282fe8385e6232f4d36385bfc1080b3","0.041","","","","","es","1.1","","","","","","https://staging.experienceecuador.com/es/planifica-tu-viaje/galapagos/","2026-10-02 09:27:21"
