"URL","HTTP","Final URL","Title","Meta description","H1","Canonical","Lang","Hreflang","Meta robots","X-Robots-Tag","Schema blocks","Site JS","Cluster CSS","Error"
"https://experienceecuador.com/","200","https://experienceecuador.com/","Ecuador Travel Guide | Regions, Routes & Experiences","Explore Ecuador by region, experience, and travel style with guides, itineraries, and practical planning tools.","Ecuador Travel Guide","https://experienceecuador.com/","en","en;es;x-default","index,follow","","1","true","/assets/css/cluster-discovery.css?v=20261003d63",""
"https://experienceecuador.com/about/","200","https://experienceecuador.com/about/","About Experience Ecuador | Smarter Ecuador Trip Planning","Learn how Experience Ecuador helps travelers plan better routes, compare regions, and build stronger Ecuador itineraries.","About Experience Ecuador","https://experienceecuador.com/about/","en","en;es;x-default","index,follow","","1","true","/assets/css/cluster-trust.css?v=20261003b62",""
"https://experienceecuador.com/mission/","200","https://experienceecuador.com/mission/","Our Mission | Experience Ecuador","Learn how Experience Ecuador helps travelers research, plan and book responsibly while creating transparent visibility for Ecuadorian businesses.","Our Mission","https://experienceecuador.com/mission/","en","en;es;x-default","index,follow","","2","true","/assets/css/cluster-trust.css?v=20261003b62",""
"https://experienceecuador.com/regions/","200","https://experienceecuador.com/regions/","Ecuador Regions Guide | Galapagos, Coast, Andes & Amazon","Compare Ecuador","Explore Ecuador by Region","https://experienceecuador.com/regions/","en","en;es;x-default","index,follow","","1","true","/assets/css/cluster-hubs.css?v=20261003b58g61",""
"https://experienceecuador.com/regions/galapagos/","200","https://experienceecuador.com/regions/galapagos/","Galápagos Guide | Islands, Wildlife & Routes","Explore the Galápagos with island guidance, wildlife highlights, itinerary ideas, and practical planning tips.","Galápagos Travel Guide","https://experienceecuador.com/regions/galapagos/","en","en;es;x-default","index,follow","","3","true","/assets/css/cluster-destinations.css?v=20261003d59g61",""
"https://experienceecuador.com/regions/galapagos/santa-cruz-island/","200","https://experienceecuador.com/regions/galapagos/santa-cruz-island/","Santa Cruz Galápagos | Puerto Ayora, Wildlife & Beaches","Plan Santa Cruz with Puerto Ayora, Tortuga Bay, highland wildlife, day trips and a practical three-to-five-day Galápagos base.","Santa Cruz Island","https://experienceecuador.com/regions/galapagos/santa-cruz-island/","en","en;es;x-default","index,follow","","2","true","/assets/css/cluster-destinations.css?v=20261003d59g61",""
"https://experienceecuador.com/regions/galapagos/san-cristobal-island/","200","https://experienceecuador.com/regions/galapagos/san-cristobal-island/","San Cristóbal Galápagos | Sea Lions & Kicker Rock","Plan San Cristóbal with sea lions, beaches, Kicker Rock trips and a quieter three-to-four-day Galápagos island base.","San Cristóbal Island","https://experienceecuador.com/regions/galapagos/san-cristobal-island/","en","en;es;x-default","index,follow","","2","true","/assets/css/cluster-destinations.css?v=20261003d59g61",""
"https://experienceecuador.com/regions/galapagos/isabela-island/","200","https://experienceecuador.com/regions/galapagos/isabela-island/","Isabela Galápagos | Volcanoes, Wildlife & Beaches","Plan Isabela with volcano hikes, lava tunnels, coastal wildlife, beaches and a slower three-to-five-day Galápagos stay.","Isabela Island","https://experienceecuador.com/regions/galapagos/isabela-island/","en","en;es;x-default","index,follow","","1","true","/assets/css/cluster-destinations.css?v=20261003d59g61",""
"https://experienceecuador.com/regions/galapagos/floreana-island/","200","https://experienceecuador.com/regions/galapagos/floreana-island/","Floreana Galápagos | History, Wildlife & Quiet Routes","Plan Floreana with Post Office Bay, island history, wildlife and a quieter route that adds depth to a Galápagos itinerary.","Floreana Island","https://experienceecuador.com/regions/galapagos/floreana-island/","en","en;es;x-default","index,follow","","1","true","/assets/css/cluster-destinations.css?v=20261003d59g61",""
"https://experienceecuador.com/regions/coast/","200","https://experienceecuador.com/regions/coast/","Ecuador Coast Guide | Beaches, Wildlife & Routes","Explore Ecuador’s Coast with beach towns, city gateways, seafood stops, and practical coastal itinerary ideas.","Ecuador Coast Travel Guide","https://experienceecuador.com/regions/coast/","en","en;es;x-default","index,follow","","1","true","/assets/css/cluster-destinations.css?v=20261003d59g61",""
"https://experienceecuador.com/regions/coast/guayaquil/","200","https://experienceecuador.com/regions/coast/guayaquil/","Guayaquil Ecuador | Food, Malecón & Coast Gateway","Plan Guayaquil with Malecón 2000, Las Peñas, local food, airport logistics and an easy one-to-two-night Coast gateway.","Guayaquil","https://experienceecuador.com/regions/coast/guayaquil/","en","en;es;x-default","index,follow","","1","true","/assets/css/cluster-destinations.css?v=20261003d59g61",""
"https://experienceecuador.com/regions/coast/salinas/","200","https://experienceecuador.com/regions/coast/salinas/","Salinas Ecuador | Beaches, Malecón & Santa Elena","Plan Salinas with beaches, the malecón, Santa Elena Peninsula day trips and a relaxed two-to-three-night coastal stay.","Salinas","https://experienceecuador.com/regions/coast/salinas/","en","en;es;x-default","index,follow","","1","true","/assets/css/cluster-destinations.css?v=20261003d59g61",""
"https://experienceecuador.com/regions/coast/montanita/","200","https://experienceecuador.com/regions/coast/montanita/","Montañita Ecuador | Surf, Beaches & Nightlife","Plan Montañita with surf, beaches, sunsets, nightlife and a flexible two-to-four-night stop on Ecuador’s Coast.","Montañita","https://experienceecuador.com/regions/coast/montanita/","en","en;es;x-default","index,follow","","1","true","/assets/css/cluster-destinations.css?v=20261003d59g61",""
"https://experienceecuador.com/regions/coast/puerto-lopez/","200","https://experienceecuador.com/regions/coast/puerto-lopez/","Puerto López Ecuador | Wildlife, Beaches & Boat Trips","Plan Puerto López with Isla de la Plata, boat trips, wildlife, nearby beaches and a nature-led two-to-three-night stay.","Puerto López","https://experienceecuador.com/regions/coast/puerto-lopez/","en","en;es;x-default","index,follow","","1","true","/assets/css/cluster-destinations.css?v=20261003d59g61",""
"https://experienceecuador.com/regions/coast/la-ruta-del-sol/","200","https://experienceecuador.com/regions/coast/la-ruta-del-sol/","Ecuador Ruta del Sol | Beaches, Surf & Road Trip","Plan Ecuador’s Ruta del Sol with beach towns, surf, seafood, sunsets and a flexible three-to-seven-day Pacific road trip.","La Ruta del Sol","https://experienceecuador.com/regions/coast/la-ruta-del-sol/","en","en;es;x-default","index,follow","","1","true","/assets/css/cluster-destinations.css?v=20261003d59g61",""
"https://experienceecuador.com/regions/andes/","200","https://experienceecuador.com/regions/andes/","Ecuador Andes Guide | Cities, Volcanoes & Routes","Explore Ecuador’s Andes with city bases, volcano views, markets, and smarter highland itinerary ideas.","Ecuador Andes Travel Guide","https://experienceecuador.com/regions/andes/","en","en;es;x-default","index,follow","","1","true","/assets/css/cluster-destinations.css?v=20261003d59g61",""
"https://experienceecuador.com/regions/andes/quito/","200","https://experienceecuador.com/regions/andes/quito/","Quito Ecuador Travel Guide | Best Things to Do & Stay","Plan Quito, Ecuador with top things to do, where to stay, and practical route ideas.","Quito","https://experienceecuador.com/regions/andes/quito/","en","en;es;x-default","index,follow","","1","true","/assets/css/cluster-destinations.css?v=20261003d59g61",""
"https://experienceecuador.com/regions/andes/quito/1-day/","200","https://experienceecuador.com/regions/andes/quito/1-day/","Quito in 1 Day | A Clear First-Day Plan in Ecuador's Andes","Plan one day in Quito with the Historic Center, a cultural landmark, a major viewpoint and realistic timing for a short first visit.","Quito in 1 Day","https://experienceecuador.com/regions/andes/quito/1-day/","en","en;es;x-default","index,follow","","1","true","/assets/css/cluster-planning.css?v=20261004p72",""
"https://experienceecuador.com/regions/andes/quito/2-days/","200","https://experienceecuador.com/regions/andes/quito/2-days/","Quito in 2 Days | A Balanced Andes City Plan in Ecuador","Plan two days in Quito with the Historic Center, major viewpoints, Mitad del Mundo and a flexible second-day route without rushing.","Quito in 2 Days","https://experienceecuador.com/regions/andes/quito/2-days/","en","en;es;x-default","index,follow","","1","true","/assets/css/cluster-planning.css?v=20261004p72",""
"https://experienceecuador.com/regions/andes/quito/3-days/","200","https://experienceecuador.com/regions/andes/quito/3-days/","Quito in 3 Days | A Complete Andes City Stay in Ecuador","Plan three days in Quito with the Historic Center, city viewpoints, Mitad del Mundo and one realistic Andes day trip.","Quito in 3 Days","https://experienceecuador.com/regions/andes/quito/3-days/","en","en;es;x-default","index,follow","","1","true","/assets/css/cluster-planning.css?v=20261004p72",""
"https://experienceecuador.com/regions/andes/mindo/","200","https://experienceecuador.com/regions/andes/mindo/","Mindo Ecuador Guide | Cloud Forest Birding and Waterfalls","Explore Mindo, Ecuador with cloud forest birding, waterfalls, chocolate experiences, nature lodges, and easy access from Quito.","Mindo, Ecuador","https://experienceecuador.com/regions/andes/mindo/","en","en;es;x-default","index,follow","","2","true","/assets/css/cluster-destinations.css?v=20261003d59g61",""
"https://experienceecuador.com/regions/andes/cuenca/","200","https://experienceecuador.com/regions/andes/cuenca/","Cuenca Ecuador Guide | Culture & Highland Day Trips","Plan your trip to Cuenca, Ecuador with colonial streets, artisan markets, museums, cafe culture, great food, and easy southern Andes day trips.","Cuenca, Ecuador","https://experienceecuador.com/regions/andes/cuenca/","en","en;es;x-default","index,follow","","2","true","/assets/css/cluster-destinations.css?v=20261003d59g61",""
"https://experienceecuador.com/regions/andes/otavalo/","200","https://experienceecuador.com/regions/andes/otavalo/","Otavalo Ecuador Guide | Market, Textiles & Andes Culture","Plan your trip to Otavalo, Ecuador with indigenous markets, textiles, highland scenery, nearby lakes, and easy pairing with Quito and the northern Andes.","Otavalo, Ecuador","https://experienceecuador.com/regions/andes/otavalo/","en","en;es;x-default","index,follow","","2","true","/assets/css/cluster-destinations.css?v=20261003d59g61",""
"https://experienceecuador.com/regions/andes/cotopaxi/","200","https://experienceecuador.com/regions/andes/cotopaxi/","Cotopaxi Ecuador Guide | Volcano Views & Páramo Trails","Plan Cotopaxi with volcano views, páramo trails, high-altitude scenery and an easy day trip or overnight route from Quito.","Cotopaxi, Ecuador","https://experienceecuador.com/regions/andes/cotopaxi/","en","en;es;x-default","index,follow","","1","true","/assets/css/cluster-destinations.css?v=20261003d59g61",""
"https://experienceecuador.com/regions/andes/banos/","200","https://experienceecuador.com/regions/andes/banos/","Baños Ecuador Guide | Waterfalls, Adventure & Hot Springs","Plan your trip to Baños, Ecuador with waterfall routes, viewpoints, adventure activities, hot springs, and a simple 2 to 3 night Andes flow.","Baños, Ecuador","https://experienceecuador.com/regions/andes/banos/","en","en;es;x-default","index,follow","","1","true","/assets/css/cluster-destinations.css?v=20261003d59g61",""
"https://experienceecuador.com/regions/andes/papallacta/","200","https://experienceecuador.com/regions/andes/papallacta/","Papallacta Ecuador Guide | Hot Springs Near Quito","Plan your trip to Papallacta, Ecuador with hot springs, páramo scenery, wellness-focused day trips, and an easy Andes reset near Quito.","Papallacta, Ecuador","https://experienceecuador.com/regions/andes/papallacta/","en","en;es;x-default","index,follow","","1","true","/assets/css/cluster-destinations.css?v=20261003d59g61",""
"https://experienceecuador.com/regions/andes/choco-andino/","200","https://experienceecuador.com/regions/andes/choco-andino/","Chocó Andino Ecuador Travel Guide | Best Things to Do & Stay","Plan Chocó Andino, Ecuador with top things to do, where to stay, and practical route ideas.","Chocó Andino, Ecuador","https://experienceecuador.com/regions/andes/choco-andino/","en","en;es;x-default","index,follow","","2","true","/assets/css/cluster-destinations.css?v=20261003d59g61",""
"https://experienceecuador.com/regions/andes/cotacachi/","200","https://experienceecuador.com/regions/andes/cotacachi/","Cotacachi Ecuador Guide | Cuicocha Lake & Artisan Town","Plan your trip to Cotacachi, Ecuador with Cuicocha crater lake, artisan town walks, northern Andes scenery, and an easy half day to 1 night route.","Cotacachi, Ecuador","https://experienceecuador.com/regions/andes/cotacachi/","en","en;es;x-default","index,follow","","2","true","/assets/css/cluster-destinations.css?v=20261003d59g61",""
"https://experienceecuador.com/regions/andes/zuleta/","200","https://experienceecuador.com/regions/andes/zuleta/","Zuleta Ecuador Guide | Embroidery & Country Walks","Plan your trip to Zuleta, Ecuador with quiet countryside walks, embroidery tradition, open northern Andes scenery, and an easy half day to 1 night route.","Zuleta, Ecuador","https://experienceecuador.com/regions/andes/zuleta/","en","en;es;x-default","index,follow","","2","true","/assets/css/cluster-destinations.css?v=20261003d59g61",""
"https://experienceecuador.com/regions/amazon/","200","https://experienceecuador.com/regions/amazon/","Ecuador Amazon Guide | Lodges, Wildlife & Routes","Explore Ecuador","Ecuador Amazon Travel Guide","https://experienceecuador.com/regions/amazon/","en","en;es;x-default","index,follow","","1","true","/assets/css/cluster-destinations.css?v=20261003d59g61",""
"https://experienceecuador.com/regions/amazon/tena/","200","https://experienceecuador.com/regions/amazon/tena/","Tena Ecuador Guide | Rafting, Lodges & Amazon Routes","Plan Tena with rafting, Amazon lodges, rainforest trails and a realistic two-to-four-day route from Quito.","Tena","https://experienceecuador.com/regions/amazon/tena/","en","en;es;x-default","index,follow","","2","true","/assets/css/cluster-destinations.css?v=20261003d59g61",""
"https://experienceecuador.com/regions/amazon/misahualli/","200","https://experienceecuador.com/regions/amazon/misahualli/","Misahuallí Ecuador Guide | River Town & Amazon Routes","Plan Misahuallí with riverfront stays, short rainforest outings, local culture and an easy one-to-three-day Amazon route.","Misahuallí","https://experienceecuador.com/regions/amazon/misahualli/","en","en;es;x-default","index,follow","","3","true","/assets/css/cluster-destinations.css?v=20261003d59g61",""
"https://experienceecuador.com/regions/amazon/yasuni-national-park/","200","https://experienceecuador.com/regions/amazon/yasuni-national-park/","Yasuní National Park Guide | Lodges, Wildlife & Rivers","Plan Yasuní with deep-rainforest lodges, wildlife, river travel and a realistic four-to-seven-day Ecuador Amazon route.","Yasuní National Park","https://experienceecuador.com/regions/amazon/yasuni-national-park/","en","en;es;x-default","index,follow","","3","true","/assets/css/cluster-destinations.css?v=20261003d59g61",""
"https://experienceecuador.com/regions/amazon/cuyabeno-wildlife-reserve/","200","https://experienceecuador.com/regions/amazon/cuyabeno-wildlife-reserve/","Cuyabeno Wildlife Reserve | Lagoons, Wildlife & Lodges","Plan Cuyabeno with lagoon canoe trips, blackwater wildlife, lodge access and realistic three-to-five-day routes in Ecuador’s Amazon.","Cuyabeno Wildlife Reserve, Ecuador","https://experienceecuador.com/regions/amazon/cuyabeno-wildlife-reserve/","en","en;es;x-default","index,follow","","3","true","/assets/css/cluster-destinations.css?v=20261003d59g61",""
"https://experienceecuador.com/experiences/","200","https://experienceecuador.com/experiences/","Ecuador Experiences | Wildlife, Culture & Adventure","Explore Ecuador experiences by travel style, including wildlife, culture, nature, culinary travel, relaxation, and adventure.","Ecuador Experiences Guide","https://experienceecuador.com/experiences/","en","en;es;x-default","index,follow","","3","true","/assets/css/cluster-experiences.css?v=20261003cg61",""
"https://experienceecuador.com/experiences/adventure/","200","https://experienceecuador.com/experiences/adventure/","Adventure Ecuador | Hiking, Rafting & Active Travel","Plan adventure travel in Ecuador with volcano hikes, rafting, canyoning, ziplining, and multi-region routes.","Adventure in Ecuador","https://experienceecuador.com/experiences/adventure/","en","en;es;x-default","index,follow","","2","true","/assets/css/cluster-experiences.css?v=20261003cg61",""
"https://experienceecuador.com/experiences/nature/","200","https://experienceecuador.com/experiences/nature/","Nature Ecuador | Volcanoes, Cloud Forests & Amazon","Explore Ecuador nature across volcanoes, cloud forests, the Amazon, the Coast, and big landscapes.","Nature in Ecuador","https://experienceecuador.com/experiences/nature/","en","en;es;x-default","index,follow","","3","true","/assets/css/cluster-experiences.css?v=20261003cg61",""
"https://experienceecuador.com/experiences/wildlife-birding/","200","https://experienceecuador.com/experiences/wildlife-birding/","Wildlife & Birding Ecuador | Best Regions & Habitats","Plan wildlife and birding in Ecuador across cloud forests, the Amazon, Coast and Galápagos, with habitat-led routes and expert planning links.","Wildlife & Birding in Ecuador","https://experienceecuador.com/experiences/wildlife-birding/","en","en;es;x-default","index,follow","","3","true","/assets/css/cluster-experiences.css?v=20261003cg61",""
"https://experienceecuador.com/experiences/relaxation/","200","https://experienceecuador.com/experiences/relaxation/","Relaxing Ecuador Travel | Hot Springs & Scenic Stays","Plan a relaxing Ecuador trip with quiet bases, hot springs, scenic stays, and slower-paced routes.","Relaxation in Ecuador","https://experienceecuador.com/experiences/relaxation/","en","en;es;x-default","index,follow","","2","true","/assets/css/cluster-experiences.css?v=20261003cg61",""
"https://experienceecuador.com/experiences/culinary/","200","https://experienceecuador.com/experiences/culinary/","Ecuador Food Travel | Markets, Cacao & Regional Dishes","Plan culinary travel in Ecuador with markets, seafood, cacao, coffee, and regional food experiences.","Culinary in Ecuador","https://experienceecuador.com/experiences/culinary/","en","en;es;x-default","index,follow","","2","true","/assets/css/cluster-experiences.css?v=20261003cg61",""
"https://experienceecuador.com/experiences/culinary/must-eats/","200","https://experienceecuador.com/experiences/culinary/must-eats/","Must-Eat Ecuadorian Food | Essential Dishes by Region","Discover essential Ecuadorian dishes by region, including Andean comfort food, Coast seafood, Amazon flavors and Galápagos specialties.","Must-Eat Foods in Ecuador","https://experienceecuador.com/experiences/culinary/must-eats/","en","en;es;x-default","index,follow","","2","true","/assets/css/cluster-experiences.css?v=20261003cg61",""
"https://experienceecuador.com/experiences/culture/","200","https://experienceecuador.com/experiences/culture/","Ecuador Culture | Cities, Markets & Heritage","Explore Ecuador culture through historic cities, markets, traditions, food, and heritage-rich routes.","Culture in Ecuador","https://experienceecuador.com/experiences/culture/","en","en;es;x-default","index,follow","","2","true","/assets/css/cluster-experiences.css?v=20261003cg61",""
"https://experienceecuador.com/experiences/birdwatching/mindo/","200","https://experienceecuador.com/experiences/birdwatching/mindo/","Mindo Birdwatching | Cloud Forest Birds & Local Guides","Plan Mindo birdwatching with cloud-forest habitats, local guides, dawn routes and a direct funnel to specialist birding services.","Birdwatching in Mindo","https://experienceecuador.com/experiences/birdwatching/mindo/","en","en;es;x-default","index,follow","","2","true","/assets/css/cluster-experiences.css?v=20261003cg61",""
"https://experienceecuador.com/experiences/birdwatching/quito/","200","https://experienceecuador.com/experiences/birdwatching/quito/","Quito Birdwatching | Andean Habitats & Day Trips","Plan Quito birdwatching with high-Andean habitats, accessible day trips, practical timing and connections toward Mindo’s cloud forest.","Birdwatching in Quito","https://experienceecuador.com/experiences/birdwatching/quito/","en","en;es;x-default","index,follow","","2","true","/assets/css/cluster-experiences.css?v=20261003cg61",""
"https://experienceecuador.com/trip-builder/","200","https://experienceecuador.com/trip-builder/","Ecuador Trip Planner | Build a Custom Ecuador Itinerary","Build a custom Ecuador itinerary by region, trip length, and travel style. Compare the Andes, Amazon, Coast, and Galapagos in one trip planner.","Build Your Custom Ecuador Itinerary","https://experienceecuador.com/trip-builder/","en","en;es;x-default","index,follow","","2","true","/assets/css/cluster-planning.css?v=20261004p72",""
"https://experienceecuador.com/contact/","200","https://experienceecuador.com/contact/","Contact Experience Ecuador | Trip Planning & Partnerships","Contact Experience Ecuador about trip planning, private tours, recommendations, partnerships, or destination questions.","Contact Experience Ecuador","https://experienceecuador.com/contact/","en","en;es;x-default","index,follow","","1","true","/assets/css/cluster-trust.css?v=20261003b62",""
"https://experienceecuador.com/faqs/","200","https://experienceecuador.com/faqs/","Ecuador Travel FAQs | Planning, Regions & Logistics","Get direct answers about planning Ecuador, choosing regions, trip timing, recommendations, bookings, partners, privacy, and contacting Experience Ecuador.","Ecuador Travel FAQs","https://experienceecuador.com/faqs/","en","en;es;x-default","index,follow","","1","true","/assets/css/cluster-trust.css?v=20261003b62",""
"https://experienceecuador.com/privacy-policy/","200","https://experienceecuador.com/privacy-policy/","Privacy Policy | Experience Ecuador","Understand what information Experience Ecuador collects, why it is used, how analytics attribution works, and the choices available to visitors and partners.","Privacy Policy","https://experienceecuador.com/privacy-policy/","en","en;es;x-default","index,follow","","1","true","/assets/css/cluster-trust.css?v=20261003b62",""
"https://experienceecuador.com/terms/","200","https://experienceecuador.com/terms/","Terms and Conditions | Experience Ecuador","Read the Experience Ecuador terms for travel research, recommendations, external providers, acceptable use, intellectual property, disclaimers, and liability.","Terms and Conditions","https://experienceecuador.com/terms/","en","en;es;x-default","index,follow","","1","true","/assets/css/cluster-trust.css?v=20261003b62",""
"https://experienceecuador.com/recommendations/","200","https://experienceecuador.com/recommendations/","Ecuador Recommendations | Lodges, Tours & Local Services","Browse curated Ecuador recommendations by region, location, experience, and category, including trusted lodges, tours, restaurants, services, and activities.","Ecuador recommendations worth building a trip around","https://experienceecuador.com/recommendations/","en","en;es;x-default","index,follow","","1","true","/assets/css/cluster-recommendations.css?v=20261004r66",""
"https://experienceecuador.com/partners/","200","https://experienceecuador.com/partners/","Partner With Experience Ecuador | Business Visibility","Learn how Ecuadorian lodges, guides, restaurants, operators, and travel services can earn useful, transparent visibility with Experience Ecuador.","Partner With Experience Ecuador","https://experienceecuador.com/partners/","en","en;es;x-default","index,follow","","1","true","/assets/css/cluster-recommendations.css?v=20261004r66",""
"https://experienceecuador.com/partners/join/","200","https://experienceecuador.com/partners/join/","Join Experience Ecuador Partners | Travel Visibility","Apply to join Experience Ecuador as a partner and reach travelers planning Ecuador trips through curated recommendations and destination pages.","Apply to Become an Experience Ecuador Partner","https://experienceecuador.com/partners/join/","en","en;es;x-default","index,follow","","2","true","/assets/css/cluster-recommendations.css?v=20261004r66",""
"https://experienceecuador.com/recommendations/members/andes/mindo/mindo-eco-chalet-river-and-waterfalls/","200","https://experienceecuador.com/recommendations/members/andes/mindo/mindo-eco-chalet-river-and-waterfalls/","Mindo Eco Chalet | Riverside Cloud Forest Stay","Compare Mindo Eco Chalet as a private riverside Mindo base, then confirm capacity, access, amenities, price and availability directly.","Mindo Eco Chalet (River and Waterfalls)","https://experienceecuador.com/recommendations/members/andes/mindo/mindo-eco-chalet-river-and-waterfalls/","en","en;es;x-default","index,follow","","1","true","/assets/css/cluster-recommendations.css?v=20261004r66",""
"https://experienceecuador.com/recommendations/members/andes/mindo/mindo-eco-suite-river-and-cascadita/","200","https://experienceecuador.com/recommendations/members/andes/mindo/mindo-eco-suite-river-and-cascadita/","Mindo Eco Suite | Riverside Cabin Guide","Compare Mindo Eco Suite as a private riverside Mindo cabin, then confirm occupancy, amenities, access, price and availability directly.","Mindo Eco Suite Riverside Cabin Stay","https://experienceecuador.com/recommendations/members/andes/mindo/mindo-eco-suite-river-and-cascadita/","en","en;es;x-default","index,follow","","1","true","/assets/css/cluster-recommendations.css?v=20261004r66",""
"https://experienceecuador.com/recommendations/members/andes/mindo/mindo-glamping-yurt-river-and-cascadita/","200","https://experienceecuador.com/recommendations/members/andes/mindo/mindo-glamping-yurt-river-and-cascadita/","Mindo Glamping Yurt | Riverside Stay Guide","Compare Mindo Glamping Yurt for a riverside nature stay, then confirm the unit, bathroom, access, services, price and availability directly.","Mindo Glamping Yurt Riverside Glamping Stay","https://experienceecuador.com/recommendations/members/andes/mindo/mindo-glamping-yurt-river-and-cascadita/","en","en;es;x-default","index,follow","","1","true","/assets/css/cluster-recommendations.css?v=20261004r66",""
"https://experienceecuador.com/recommendations/members/amazon/tena/las-nubes/","200","https://experienceecuador.com/recommendations/members/amazon/tena/las-nubes/","Las Nubes | Tena-Area Lodge Verification Guide","Compare the Las Nubes lodge profile and verify the exact property, location, room, access, services, price and availability before planning a stay.","Las Nubes","https://experienceecuador.com/recommendations/members/amazon/tena/las-nubes/","en","en;es;x-default","index,follow","","1","true","/assets/css/cluster-recommendations.css?v=20261004r66",""
"https://experienceecuador.com/recommendations/members/amazon/napo/las-nubes/","200","https://experienceecuador.com/recommendations/members/amazon/napo/las-nubes/","Cabañas Las Nubes | Baeza, Napo Lodge Guide","Compare Cabañas Las Nubes in Baeza, Napo: cloud-forest setting, birding fit, access, services, prices and current availability.","Cabañas Las Nubes","https://experienceecuador.com/recommendations/members/amazon/napo/las-nubes/","en","en;es;x-default","index,follow","","1","true","/assets/css/cluster-recommendations.css?v=20261004r66",""
"https://experienceecuador.com/recommendations/members/andes/quito/hotel-patio-andaluz/","200","https://experienceecuador.com/recommendations/members/andes/quito/hotel-patio-andaluz/","Hotel Patio Andaluz | Colonial Hotel in Quito","Compare Hotel Patio Andaluz in Quito","Hotel Patio Andaluz","https://experienceecuador.com/recommendations/members/andes/quito/hotel-patio-andaluz/","en","en;es;x-default","index,follow","","1","true","/assets/css/cluster-recommendations.css?v=20261004r66",""
"https://experienceecuador.com/recommendations/members/andes/choco-andino/hacienda-verde-niebla/","200","https://experienceecuador.com/recommendations/members/andes/choco-andino/hacienda-verde-niebla/","Hacienda Verde Niebla | Chocó Andino Coffee Farm","Compare Hacienda Verde Niebla for a Chocó Andino coffee-farm stay, then confirm lodging, activities, access, price and availability directly.","Hacienda Verde Niebla","https://experienceecuador.com/recommendations/members/andes/choco-andino/hacienda-verde-niebla/","en","en;es;x-default","index,follow","","1","true","/assets/css/cluster-recommendations.css?v=20261004r66",""
"https://experienceecuador.com/recommendations/members/andes/choco-andino/the-cloud-forest-retreat/","200","https://experienceecuador.com/recommendations/members/andes/choco-andino/the-cloud-forest-retreat/","The Cloud Forest Retreat | Chocó Andino Lodge","Compare The Cloud Forest Retreat for a quiet Chocó Andino stay, then confirm accommodation, access, inclusions, price and dates.","The Cloud Forest Retreat","https://experienceecuador.com/recommendations/members/andes/choco-andino/the-cloud-forest-retreat/","en","en;es;x-default","index,follow","","1","true","/assets/css/cluster-recommendations.css?v=20261004r66",""
"https://experienceecuador.com/recommendations/members/andes/mindo/mindo-bird-watching/","200","https://experienceecuador.com/recommendations/members/andes/mindo/mindo-bird-watching/","Mindo Bird Watching | Guided Birding Tours in Mindo","Compare Mindo Bird Watching for specialist-guided cloud forest birding, then confirm the route, guide, price and availability directly.","Mindo Bird Watching","https://experienceecuador.com/recommendations/members/andes/mindo/mindo-bird-watching/","en","en;es;x-default","index,follow","","1","true","/assets/css/cluster-recommendations.css?v=20261004r66",""
"https://experienceecuador.com/recommendations/members/andes/mindo/mindo-glambird/","200","https://experienceecuador.com/recommendations/members/andes/mindo/mindo-glambird/","Mindo Glambird | Cloud Forest Glamping in Mindo","Compare Mindo Glambird for a cloud-forest glamping stay, then confirm the unit, access, services, price and availability directly.","MINDO GLAMBIRD","https://experienceecuador.com/recommendations/members/andes/mindo/mindo-glambird/","en","en;es;x-default","index,follow","","1","true","/assets/css/cluster-recommendations.css?v=20261004r66",""
"https://experienceecuador.com/recommendations/members/andes/mindo/roca-mia/","200","https://experienceecuador.com/recommendations/members/andes/mindo/roca-mia/","Roca Mía | Birdwatching Lodge in Mindo","Compare Roca Mía for a riverside Mindo stay with cloud forest birding context, then confirm access, cabin, price and availability.","Roca Mía","https://experienceecuador.com/recommendations/members/andes/mindo/roca-mia/","en","en;es;x-default","index,follow","","1","true","/assets/css/cluster-recommendations.css?v=20261004r66",""
"https://experienceecuador.com/es/","200","https://experienceecuador.com/es/","Guía de Ecuador | Regiones, rutas y experiencias","Explora Ecuador por regiones, experiencias y estilo de viaje con recomendaciones curadas y rutas realistas por Andes, Amazonía, Costa y Galápagos.","Guía de Viaje por Ecuador","https://experienceecuador.com/es/","es","en;es;x-default","index,follow","","1","true","/assets/css/cluster-discovery.css?v=20261003d63",""
"https://experienceecuador.com/es/sobre-nosotros/","200","https://experienceecuador.com/es/sobre-nosotros/","Sobre Experience Ecuador | Planificación de viajes","Conoce cómo Experience Ecuador ayuda a planificar mejores rutas, comparar regiones y construir itinerarios más claros por Ecuador.","Sobre Experience Ecuador","https://experienceecuador.com/es/sobre-nosotros/","es","en;es;x-default","index,follow","","1","true","/assets/css/cluster-trust.css?v=20261003b62",""
"https://experienceecuador.com/es/mision/","200","https://experienceecuador.com/es/mision/","Nuestra Misión | Experience Ecuador","Conoce cómo Experience Ecuador ayuda a investigar, planificar y reservar responsablemente mientras crea visibilidad transparente para negocios ecuatorianos.","Nuestra misión","https://experienceecuador.com/es/mision/","es","en;es;x-default","index,follow","","2","true","/assets/css/cluster-trust.css?v=20261003b62",""
"https://experienceecuador.com/es/politica-de-privacidad/","200","https://experienceecuador.com/es/politica-de-privacidad/","Política de Privacidad | Experience Ecuador","Conoce qué información recopila Experience Ecuador, por qué la usamos, cómo funciona la atribución analítica y qué opciones tienen visitantes y aliados.","Política de Privacidad","https://experienceecuador.com/es/politica-de-privacidad/","es","en;es;x-default","index,follow","","1","true","/assets/css/cluster-trust.css?v=20261003b62",""
"https://experienceecuador.com/es/preguntas-frecuentes/","200","https://experienceecuador.com/es/preguntas-frecuentes/","Preguntas frecuentes para viajar por Ecuador","Respuestas directas sobre cómo planificar Ecuador, elegir regiones, organizar tiempos, revisar recomendados, reservar y contactar a Experience Ecuador.","Preguntas frecuentes para viajar por Ecuador","https://experienceecuador.com/es/preguntas-frecuentes/","es","en;es;x-default","index,follow","","1","true","/assets/css/cluster-trust.css?v=20261003b62",""
"https://experienceecuador.com/es/terminos/","200","https://experienceecuador.com/es/terminos/","Términos y Condiciones | Experience Ecuador","Consulta los términos de Experience Ecuador sobre investigación de viajes, recomendaciones, proveedores, uso aceptable y responsabilidad.","Términos y Condiciones","https://experienceecuador.com/es/terminos/","es","en;es;x-default","index,follow","","1","true","/assets/css/cluster-trust.css?v=20261003b62",""
"https://experienceecuador.com/es/regiones/","200","https://experienceecuador.com/es/regiones/","Regiones de Ecuador | Galápagos, Costa, Andes y Amazonía","Compara Galápagos, Costa, Andes y Amazonía para elegir destinos, conectar experiencias y planificar una ruta realista por Ecuador.","Explora Ecuador por Región","https://experienceecuador.com/es/regiones/","es","en;es;x-default","index,follow","","1","true","/assets/css/cluster-hubs.css?v=20261003b58g61",""
"https://experienceecuador.com/es/regiones/galapagos/","200","https://experienceecuador.com/es/regiones/galapagos/","Galápagos Ecuador | Islas, fauna y rutas","Explora Galápagos: compara Santa Cruz, San Cristóbal, Isabela y Floreana, fauna, traslados y estilos de viaje para planificar una ruta realista.","Explora la región Galápagos de Ecuador","https://experienceecuador.com/es/regiones/galapagos/","es","en;es;x-default","index,follow","","3","true","/assets/css/cluster-destinations.css?v=20261003d59g61",""
"https://experienceecuador.com/es/regiones/galapagos/santa-cruz-island/","200","https://experienceecuador.com/es/regiones/galapagos/santa-cruz-island/","Isla Santa Cruz | Puerto Ayora, fauna y playas","Planifica Santa Cruz con Puerto Ayora, Bahía Tortuga, fauna de tierras altas, excursiones y una base práctica de tres a cinco días.","Isla Santa Cruz","https://experienceecuador.com/es/regiones/galapagos/santa-cruz-island/","es","en;es;x-default","index,follow","","2","true","/assets/css/cluster-destinations.css?v=20261003d59g61",""
"https://experienceecuador.com/es/regiones/galapagos/san-cristobal-island/","200","https://experienceecuador.com/es/regiones/galapagos/san-cristobal-island/","Isla San Cristóbal | Fauna y León Dormido","Planifica San Cristóbal con leones marinos, playas, excursiones a León Dormido y una base tranquila de tres a cuatro días.","Isla San Cristóbal","https://experienceecuador.com/es/regiones/galapagos/san-cristobal-island/","es","en;es;x-default","index,follow","","2","true","/assets/css/cluster-destinations.css?v=20261003d59g61",""
"https://experienceecuador.com/es/regiones/galapagos/isabela-island/","200","https://experienceecuador.com/es/regiones/galapagos/isabela-island/","Isla Isabela | Volcanes, fauna y playas","Planifica Isabela con volcanes, túneles de lava, fauna costera, playas y una estadía tranquila de tres a cinco días.","Isla Isabela","https://experienceecuador.com/es/regiones/galapagos/isabela-island/","es","en;es;x-default","index,follow","","1","true","/assets/css/cluster-destinations.css?v=20261003d59g61",""
"https://experienceecuador.com/es/regiones/galapagos/floreana-island/","200","https://experienceecuador.com/es/regiones/galapagos/floreana-island/","Isla Floreana | Historia, fauna y rutas tranquilas","Planifica Floreana con Post Office Bay, historia, fauna y una ruta tranquila que aporta profundidad a un itinerario por Galápagos.","Isla Floreana","https://experienceecuador.com/es/regiones/galapagos/floreana-island/","es","en;es;x-default","index,follow","","1","true","/assets/css/cluster-destinations.css?v=20261003d59g61",""
"https://experienceecuador.com/es/regiones/costa/","200","https://experienceecuador.com/es/regiones/costa/","Costa de Ecuador | Playas, fauna y rutas","Explora la Costa de Ecuador: compara Guayaquil, Puerto López, Ruta del Sol, playas, gastronomía y fauna marina para diseñar una ruta realista.","Explora la región Costa de Ecuador","https://experienceecuador.com/es/regiones/costa/","es","en;es;x-default","index,follow","","1","true","/assets/css/cluster-destinations.css?v=20261003d59g61",""
"https://experienceecuador.com/es/regiones/costa/guayaquil/","200","https://experienceecuador.com/es/regiones/costa/guayaquil/","Guayaquil Ecuador | Malecón, comida y rutas costeras","Planifica Guayaquil con el Malecón 2000, Las Peñas, comida local, conexión con el aeropuerto y una parada costera de una a dos noches.","Guayaquil","https://experienceecuador.com/es/regiones/costa/guayaquil/","es","en;es;x-default","index,follow","","1","true","/assets/css/cluster-destinations.css?v=20261003d59g61",""
"https://experienceecuador.com/es/regiones/costa/salinas/","200","https://experienceecuador.com/es/regiones/costa/salinas/","Salinas Ecuador | Playas y península de Santa Elena","Planifica Salinas con playas, malecón, excursiones por la península de Santa Elena y una estadía costera de dos a tres noches.","Salinas","https://experienceecuador.com/es/regiones/costa/salinas/","es","en;es;x-default","index,follow","","1","true","/assets/css/cluster-destinations.css?v=20261003d59g61",""
"https://experienceecuador.com/es/regiones/costa/montanita/","200","https://experienceecuador.com/es/regiones/costa/montanita/","Montañita Ecuador | Surf, playas y vida nocturna","Planifica Montañita con surf, playas, atardeceres, vida nocturna y una parada flexible de dos a cuatro noches en la Costa del Ecuador.","Montañita","https://experienceecuador.com/es/regiones/costa/montanita/","es","en;es;x-default","index,follow","","1","true","/assets/css/cluster-destinations.css?v=20261003d59g61",""
"https://experienceecuador.com/es/regiones/costa/puerto-lopez/","200","https://experienceecuador.com/es/regiones/costa/puerto-lopez/","Puerto López Ecuador | Naturaleza, playas y botes","Planifica Puerto López con Isla de la Plata, paseos en bote, fauna, playas cercanas y una estadía natural de dos a tres noches.","Puerto López","https://experienceecuador.com/es/regiones/costa/puerto-lopez/","es","en;es;x-default","index,follow","","1","true","/assets/css/cluster-destinations.css?v=20261003d59g61",""
"https://experienceecuador.com/es/regiones/costa/la-ruta-del-sol/","200","https://experienceecuador.com/es/regiones/costa/la-ruta-del-sol/","Ruta del Sol Ecuador | Playas, surf y ruta costera","Planifica la Ruta del Sol con pueblos de playa, surf, mariscos, atardeceres y una ruta flexible de tres a siete días entre Santa Elena y Manabí.","La Ruta del Sol","https://experienceecuador.com/es/regiones/costa/la-ruta-del-sol/","es","en;es;x-default","index,follow","","1","true","/assets/css/cluster-destinations.css?v=20261003d59g61",""
"https://experienceecuador.com/es/regiones/andes/quito/","200","https://experienceecuador.com/es/regiones/andes/quito/","Quito | Guía de la capital andina en Ecuador","Planifica Quito como la capital andina del Ecuador para cultura, miradores, mercados y excursiones fáciles, con estadías flexibles de 1 a 3 días.","Quito, Ecuador","https://experienceecuador.com/es/regiones/andes/quito/","es","en;es;x-default","index,follow","","1","true","/assets/css/cluster-destinations.css?v=20261003d59g61",""
"https://experienceecuador.com/es/regiones/andes/quito/1-dia/","200","https://experienceecuador.com/es/regiones/andes/quito/1-dia/","Quito en 1 día | Un plan urbano andino claro y bien llevado","Planifica un día en Quito con centro histórico, un sitio cultural, un gran mirador y tiempos realistas para una primera visita.","Quito en 1 día","https://experienceecuador.com/es/regiones/andes/quito/1-dia/","es","en;es;x-default","index,follow","","1","true","/assets/css/cluster-planning.css?v=20261004p72",""
"https://experienceecuador.com/es/regiones/andes/quito/2-dias/","200","https://experienceecuador.com/es/regiones/andes/quito/2-dias/","Quito en 2 días | Un plan andino equilibrado en Ecuador","Planifica dos días en Quito con centro histórico, miradores, Mitad del Mundo y una segunda jornada flexible sin correr.","Quito en 2 días","https://experienceecuador.com/es/regiones/andes/quito/2-dias/","es","en;es;x-default","index,follow","","1","true","/assets/css/cluster-planning.css?v=20261004p72",""
"https://experienceecuador.com/es/regiones/andes/quito/3-dias/","200","https://experienceecuador.com/es/regiones/andes/quito/3-dias/","Quito en 3 días | Una estadía andina completa en Ecuador","Planifica tres días en Quito con centro histórico, miradores, Mitad del Mundo y una excursión andina realista.","Quito en 3 días","https://experienceecuador.com/es/regiones/andes/quito/3-dias/","es","en;es;x-default","index,follow","","1","true","/assets/css/cluster-planning.css?v=20261004p72",""
"https://experienceecuador.com/es/regiones/andes/mindo/","200","https://experienceecuador.com/es/regiones/andes/mindo/","Mindo Ecuador Guía | Bosque Nublado, Aves y Cascadas","Explora Mindo, Ecuador con aves de bosque nublado, cascadas, chocolate, naturaleza y acceso fácil desde Quito.","Mindo, Ecuador","https://experienceecuador.com/es/regiones/andes/mindo/","es","en;es;x-default","index,follow","","2","true","/assets/css/cluster-destinations.css?v=20261003d59g61",""
"https://experienceecuador.com/es/regiones/andes/cuenca/","200","https://experienceecuador.com/es/regiones/andes/cuenca/","Cuenca Ecuador | Cultura y excursiones andinas","Planifica tu viaje a Cuenca, Ecuador con calles coloniales, mercados artesanales, museos, cultura de café, gran comida y salidas fáciles por los Andes del sur.","Cuenca, Ecuador","https://experienceecuador.com/es/regiones/andes/cuenca/","es","en;es;x-default","index,follow","","2","true","/assets/css/cluster-destinations.css?v=20261003d59g61",""
"https://experienceecuador.com/es/regiones/andes/cotopaxi/","200","https://experienceecuador.com/es/regiones/andes/cotopaxi/","Cotopaxi Ecuador | Volcán, páramo y rutas","Planifica Cotopaxi con vistas del volcán, senderos de páramo, paisajes de altura y una excursión o noche andina desde Quito.","Cotopaxi, Ecuador","https://experienceecuador.com/es/regiones/andes/cotopaxi/","es","en;es;x-default","index,follow","","1","true","/assets/css/cluster-destinations.css?v=20261003d59g61",""
"https://experienceecuador.com/es/regiones/andes/banos/","200","https://experienceecuador.com/es/regiones/andes/banos/","Baños Ecuador | Cascadas, aventura y aguas termales","Planifica tu viaje a Baños, Ecuador con ruta de cascadas, miradores, actividades de aventura, aguas termales y un recorrido andino de 2 a 3 noches.","Baños, Ecuador","https://experienceecuador.com/es/regiones/andes/banos/","es","en;es;x-default","index,follow","","1","true","/assets/css/cluster-destinations.css?v=20261003d59g61",""
"https://experienceecuador.com/es/regiones/andes/papallacta/","200","https://experienceecuador.com/es/regiones/andes/papallacta/","Papallacta Ecuador | Aguas termales cerca de Quito","Planifica tu viaje a Papallacta, Ecuador con aguas termales, paisaje de páramo, excursiones de bienestar y una pausa andina muy fácil cerca de Quito.","Papallacta, Ecuador","https://experienceecuador.com/es/regiones/andes/papallacta/","es","en;es;x-default","index,follow","","1","true","/assets/css/cluster-destinations.css?v=20261003d59g61",""
"https://experienceecuador.com/es/regiones/andes/choco-andino/","200","https://experienceecuador.com/es/regiones/andes/choco-andino/","Chocó Andino Ecuador | Bosque nublado, aves y rutas","Explora el Chocó Andino con bosque nublado, aves, cascadas, alojamientos y rutas de uno a tres días cerca de Quito.","Chocó Andino, Ecuador","https://experienceecuador.com/es/regiones/andes/choco-andino/","es","en;es;x-default","index,follow","","2","true","/assets/css/cluster-destinations.css?v=20261003d59g61",""
"https://experienceecuador.com/es/regiones/amazonia/tena/","200","https://experienceecuador.com/es/regiones/amazonia/tena/","Tena Ecuador | Rafting, alojamientos y rutas amazónicas","Planifica Tena con rafting, alojamientos, senderos de selva y una ruta amazónica realista de dos a cuatro días desde Quito.","Tena, Ecuador","https://experienceecuador.com/es/regiones/amazonia/tena/","es","en;es;x-default","index,follow","","2","true","/assets/css/cluster-destinations.css?v=20261003d59g61",""
"https://experienceecuador.com/es/regiones/amazonia/misahualli/","200","https://experienceecuador.com/es/regiones/amazonia/misahualli/","Misahuallí Ecuador | Río, selva y rutas familiares","Planifica Misahuallí con ambiente ribereño, salidas de selva, cultura local y una ruta amazónica de uno a tres días cerca de Tena.","Misahuallí, Ecuador","https://experienceecuador.com/es/regiones/amazonia/misahualli/","es","en;es;x-default","index,follow","","3","true","/assets/css/cluster-destinations.css?v=20261003d59g61",""
"https://experienceecuador.com/es/regiones/amazonia/parque-nacional-yasuni/","200","https://experienceecuador.com/es/regiones/amazonia/parque-nacional-yasuni/","Parque Nacional Yasuní | Alojamientos, fauna y ríos","Planifica Yasuní con alojamientos de selva, fauna, navegación fluvial y una ruta amazónica de cuatro a siete días.","Parque Nacional Yasuní, Ecuador","https://experienceecuador.com/es/regiones/amazonia/parque-nacional-yasuni/","es","en;es;x-default","index,follow","","3","true","/assets/css/cluster-destinations.css?v=20261003d59g61",""
"https://experienceecuador.com/es/regiones/amazonia/cuyabeno-reserva-faunistica/","200","https://experienceecuador.com/es/regiones/amazonia/cuyabeno-reserva-faunistica/","Reserva Cuyabeno | Lagunas, fauna y alojamientos","Planifica Cuyabeno con recorridos en canoa, lagunas de aguas negras, fauna y alojamientos amazónicos para tres a cinco días.","Reserva Faunística Cuyabeno, Ecuador","https://experienceecuador.com/es/regiones/amazonia/cuyabeno-reserva-faunistica/","es","en;es;x-default","index,follow","","3","true","/assets/css/cluster-destinations.css?v=20261003d59g61",""
"https://experienceecuador.com/es/experiencias/avistamiento/mindo/","200","https://experienceecuador.com/es/experiencias/avistamiento/mindo/","Avistamiento de aves en Mindo | Bosque nublado","Planifica aves en Mindo con hábitats de bosque nublado, guías locales, salidas al amanecer y acceso a servicios especializados.","Avistamiento en Mindo","https://experienceecuador.com/es/experiencias/avistamiento/mindo/","es","en;es;x-default","index,follow","","2","true","/assets/css/cluster-experiences.css?v=20261003cg61",""
"https://experienceecuador.com/es/experiencias/avistamiento/quito/","200","https://experienceecuador.com/es/experiencias/avistamiento/quito/","Avistamiento de aves en Quito | Hábitats andinos","Planifica aves en Quito con hábitats altoandinos, excursiones accesibles, horarios prácticos y conexión hacia el bosque nublado de Mindo.","Avistamiento en Quito","https://experienceecuador.com/es/experiencias/avistamiento/quito/","es","en;es;x-default","index,follow","","2","true","/assets/css/cluster-experiences.css?v=20261003cg61",""
"https://experienceecuador.com/es/planificador-de-viajes/","200","https://experienceecuador.com/es/planificador-de-viajes/","Planificador Ecuador | Itinerario Personalizado","Planifica tu viaje a Ecuador con un itinerario personalizado por Andes, Amazonía, Costa y Galápagos según duración y estilo de viaje.","Crea tu itinerario personalizado por Ecuador","https://experienceecuador.com/es/planificador-de-viajes/","es","en;es;x-default","index,follow","","2","true","/assets/css/cluster-planning.css?v=20261004p72",""
"https://experienceecuador.com/es/aliados/","200","https://experienceecuador.com/es/aliados/","Aliados de Experience Ecuador | Visibilidad para negocios","Conozca cómo alojamientos, guías, restaurantes, operadores y servicios turísticos de Ecuador pueden obtener visibilidad útil y transparente.","Sea aliado de Experience Ecuador","https://experienceecuador.com/es/aliados/","es","en;es;x-default","index,follow","","1","true","/assets/css/cluster-recommendations.css?v=20261004r66",""
"https://experienceecuador.com/es/aliados/unirse/","200","https://experienceecuador.com/es/aliados/unirse/","Unirse a Experience Ecuador | Aliados turísticos","Envíe la información de su negocio para unirse a Experience Ecuador y llegar a viajeros que planifican viajes por Ecuador.","Postula tu Negocio como Aliado de Experience Ecuador","https://experienceecuador.com/es/aliados/unirse/","es","en;es;x-default","index,follow","","2","true","/assets/css/cluster-recommendations.css?v=20261004r66",""
"https://experienceecuador.com/es/recomendados/","200","https://experienceecuador.com/es/recomendados/","Recomendados de Ecuador | Alojamientos, Tours y Servicios","Explora recomendados de Ecuador por región y categoría: alojamientos, tours, restaurantes, servicios y actividades seleccionadas.","Recomendados de Ecuador para construir un mejor viaje","https://experienceecuador.com/es/recomendados/","es","en;es;x-default","index,follow","","1","true","/assets/css/cluster-recommendations.css?v=20261004r66",""
"https://experienceecuador.com/es/recomendados/miembros/andes/mindo/mindo-eco-chalet-river-and-waterfalls/","200","https://experienceecuador.com/es/recomendados/miembros/andes/mindo/mindo-eco-chalet-river-and-waterfalls/","Mindo Eco Chalet | Estadía junto al río","Compara Mindo Eco Chalet como base privada junto al río y confirma capacidad, acceso, comodidades, precio y disponibilidad directamente.","Mindo Eco Chalet (Río y Cascadas)","https://experienceecuador.com/es/recomendados/miembros/andes/mindo/mindo-eco-chalet-river-and-waterfalls/","es","en;es;x-default","index,follow","","1","true","/assets/css/cluster-recommendations.css?v=20261004r66",""
"https://experienceecuador.com/es/recomendados/miembros/andes/mindo/mindo-eco-suite-river-and-cascadita/","200","https://experienceecuador.com/es/recomendados/miembros/andes/mindo/mindo-eco-suite-river-and-cascadita/","Mindo Eco Suite | Guía de Cabaña junto al Río","Compara Mindo Eco Suite como cabaña privada junto al río y confirma ocupación, comodidades, acceso, precio y disponibilidad directamente.","Mindo Eco Suite Cabaña junto al Río","https://experienceecuador.com/es/recomendados/miembros/andes/mindo/mindo-eco-suite-river-and-cascadita/","es","en;es;x-default","index,follow","","1","true","/assets/css/cluster-recommendations.css?v=20261004r66",""
"https://experienceecuador.com/es/recomendados/miembros/andes/mindo/mindo-glamping-yurt-river-and-cascadita/","200","https://experienceecuador.com/es/recomendados/miembros/andes/mindo/mindo-glamping-yurt-river-and-cascadita/","Mindo Glamping Yurt | Guía de Estadía junto al Río","Compara Mindo Glamping Yurt para una estadía junto al río y confirma unidad, baño, acceso, servicios, precio y disponibilidad directamente.","Mindo Glamping Yurt Junto al Río","https://experienceecuador.com/es/recomendados/miembros/andes/mindo/mindo-glamping-yurt-river-and-cascadita/","es","en;es;x-default","index,follow","","1","true","/assets/css/cluster-recommendations.css?v=20261004r66",""
"https://experienceecuador.com/es/recomendados/miembros/amazonia/tena/las-nubes/","200","https://experienceecuador.com/es/recomendados/miembros/amazonia/tena/las-nubes/","Las Nubes | Guía de Verificación cerca de Tena","Compara el perfil de Las Nubes y verifica propiedad, ubicación, habitación, acceso, servicios, precio y disponibilidad antes de planificar.","Cabañas Las Nubes","https://experienceecuador.com/es/recomendados/miembros/amazonia/tena/las-nubes/","es","en;es;x-default","index,follow","","1","true","/assets/css/cluster-recommendations.css?v=20261004r66",""
"https://experienceecuador.com/es/recomendados/miembros/amazonia/napo/las-nubes/","200","https://experienceecuador.com/es/recomendados/miembros/amazonia/napo/las-nubes/","Cabañas Las Nubes | Lodge en Baeza, Napo","Compara Cabañas Las Nubes en Baeza, Napo: entorno de bosque nublado, aviturismo, acceso, servicios, precios y disponibilidad actual.","Cabañas Las Nubes","https://experienceecuador.com/es/recomendados/miembros/amazonia/napo/las-nubes/","es","en;es;x-default","index,follow","","1","true","/assets/css/cluster-recommendations.css?v=20261004r66",""
"https://experienceecuador.com/es/recomendados/miembros/andes/quito/hotel-patio-andaluz/","200","https://experienceecuador.com/es/recomendados/miembros/andes/quito/hotel-patio-andaluz/","Hotel Patio Andaluz | Hotel colonial en Quito","Compara Hotel Patio Andaluz en el centro histórico de Quito: ubicación, carácter patrimonial, acceso, precios y disponibilidad actual.","Hotel Patio Andaluz","https://experienceecuador.com/es/recomendados/miembros/andes/quito/hotel-patio-andaluz/","es","en;es;x-default","index,follow","","1","true","/assets/css/cluster-recommendations.css?v=20261004r66",""
"https://experienceecuador.com/es/recomendados/miembros/andes/choco-andino/hacienda-verde-niebla/","200","https://experienceecuador.com/es/recomendados/miembros/andes/choco-andino/hacienda-verde-niebla/","Hacienda Verde Niebla | Finca de café en Chocó Andino","Compara Hacienda Verde Niebla para una estadía cafetera en Chocó Andino y confirma alojamiento, actividades, acceso, precio y disponibilidad.","Hacienda Verde Niebla","https://experienceecuador.com/es/recomendados/miembros/andes/choco-andino/hacienda-verde-niebla/","es","en;es;x-default","index,follow","","1","true","/assets/css/cluster-recommendations.css?v=20261004r66",""
"https://experienceecuador.com/es/recomendados/miembros/andes/choco-andino/the-cloud-forest-retreat/","200","https://experienceecuador.com/es/recomendados/miembros/andes/choco-andino/the-cloud-forest-retreat/","The Cloud Forest Retreat | Lodge en Chocó Andino","Compara The Cloud Forest Retreat para una estadía tranquila en el Chocó Andino y confirma alojamiento, acceso, inclusiones y fechas.","The Cloud Forest Retreat","https://experienceecuador.com/es/recomendados/miembros/andes/choco-andino/the-cloud-forest-retreat/","es","en;es;x-default","index,follow","","1","true","/assets/css/cluster-recommendations.css?v=20261004r66",""
"https://experienceecuador.com/es/recomendados/miembros/andes/mindo/mindo-bird-watching/","200","https://experienceecuador.com/es/recomendados/miembros/andes/mindo/mindo-bird-watching/","Mindo Bird Watching | Tours de Aviturismo en Mindo","Compara Mindo Bird Watching para avistamiento especializado de aves en bosque nublado y confirma ruta, guía, precio y disponibilidad.","Mindo Bird Watching","https://experienceecuador.com/es/recomendados/miembros/andes/mindo/mindo-bird-watching/","es","en;es;x-default","index,follow","","1","true","/assets/css/cluster-recommendations.css?v=20261004r66",""
"https://experienceecuador.com/es/recomendados/miembros/andes/mindo/mindo-glambird/","200","https://experienceecuador.com/es/recomendados/miembros/andes/mindo/mindo-glambird/","Mindo Glambird | Glamping en Bosque Nublado de Mindo","Compara Mindo Glambird para una estadía de glamping en bosque nublado y confirma unidad, acceso, servicios, precio y disponibilidad.","MINDO GLAMBIRD","https://experienceecuador.com/es/recomendados/miembros/andes/mindo/mindo-glambird/","es","en;es;x-default","index,follow","","1","true","/assets/css/cluster-recommendations.css?v=20261004r66",""
"https://experienceecuador.com/es/recomendados/miembros/andes/mindo/roca-mia/","200","https://experienceecuador.com/es/recomendados/miembros/andes/mindo/roca-mia/","Roca Mía | Lodge de aviturismo en Mindo","Compara Roca Mía para una estadía junto al río con contexto de aves y confirma acceso, cabaña, precio y disponibilidad vigentes.","Roca Mía","https://experienceecuador.com/es/recomendados/miembros/andes/mindo/roca-mia/","es","en;es;x-default","index,follow","","1","true","/assets/css/cluster-recommendations.css?v=20261004r66",""
"https://experienceecuador.com/blog/","200","https://experienceecuador.com/blog/","Ecuador Travel Blog | Guides, Itineraries & Planning Tips","Read Ecuador travel guides, itinerary ideas, destination advice, and practical planning tips.","Ecuador Travel Blog","https://experienceecuador.com/blog/","en","en;es;x-default","index,follow","","2","true","/assets/css/cluster-editorial.css?v=20261003j63",""
"https://experienceecuador.com/es/blog/","200","https://experienceecuador.com/es/blog/","Blog de Viajes por Ecuador | Guías, Itinerarios y Consejos","Lee guías de viaje por Ecuador, ideas de itinerarios, consejos para elegir destinos y recomendaciones prácticas para planificar mejor tu ruta.","Blog de Viajes por Ecuador","https://experienceecuador.com/es/blog/","es","en;es;x-default","index,follow","","2","true","/assets/css/cluster-editorial.css?v=20261003j63",""
"https://experienceecuador.com/spotlights/","200","https://experienceecuador.com/spotlights/","Ecuador Travel Spotlights | Events & Seasonal Highlights","Discover Ecuador travel spotlights with seasonal events, wildlife moments, planning windows, and trip ideas across the Andes, Amazon, Coast, and Galápagos.","Ecuador Travel Spotlights Events & Seasonal Highlights","https://experienceecuador.com/spotlights/","en","en;es;x-default","index,follow","","2","true","/assets/css/cluster-editorial.css?v=20261003j63",""
"https://experienceecuador.com/best-things-to-do-in-ecuador/","200","https://experienceecuador.com/best-things-to-do-in-ecuador/","Best Things to Do in Ecuador | Top Experiences by Region","Discover the best things to do in Ecuador across the Andes, Amazon, Coast, and Galápagos with smarter route planning.","Best Things to Do in Ecuador","https://experienceecuador.com/best-things-to-do-in-ecuador/","en","en;es;x-default","index,follow","","1","true","/assets/css/cluster-editorial.css?v=20261003j63",""
"https://experienceecuador.com/ecuador-amazon-lodges/","200","https://experienceecuador.com/ecuador-amazon-lodges/","Ecuador Amazon Lodges | Jungle Stays & Wildlife","Compare the best Ecuador Amazon lodges for wildlife, rainforest access, and smarter trip planning.","Ecuador Amazon Lodges","https://experienceecuador.com/ecuador-amazon-lodges/","en","en;es;x-default","index,follow","","2","true","/assets/css/cluster-recommendations.css?v=20261004r66",""
"https://experienceecuador.com/ecuador-birdwatching-tours/","200","https://experienceecuador.com/ecuador-birdwatching-tours/","Ecuador Birdwatching Tours | Regions, Guides & Routes","Compare Ecuador birdwatching tours by habitat, region, trip length and guide support, from Mindo and Chocó cloud forest to the Amazon.","Ecuador Birdwatching Tours","https://experienceecuador.com/ecuador-birdwatching-tours/","en","en;es;x-default","index,follow","","1","true","/assets/css/cluster-recommendations.css?v=20261004r66",""
"https://experienceecuador.com/ecuador-cloud-forest-lodges/","200","https://experienceecuador.com/ecuador-cloud-forest-lodges/","Ecuador Cloud Forest Lodges | Birding & Nature Stays","Compare Ecuador cloud forest lodges for birding, nature, and smarter route planning near the Andes.","Ecuador Cloud Forest Lodges","https://experienceecuador.com/ecuador-cloud-forest-lodges/","en","en;es;x-default","index,follow","","2","true","/assets/css/cluster-recommendations.css?v=20261004r66",""
"https://experienceecuador.com/ecuador-family-vacations/","200","https://experienceecuador.com/ecuador-family-vacations/","Ecuador Family Vacations | Private Trips for All Ages","Plan family vacations in Ecuador with flexible private routes, wildlife, culture, and age-friendly pacing.","Ecuador Family Vacations","https://experienceecuador.com/ecuador-family-vacations/","en","en;es;x-default","index,follow","","1","true","/assets/css/cluster-recommendations.css?v=20261004r66",""
"https://experienceecuador.com/ecuador-luxury-travel/","200","https://experienceecuador.com/ecuador-luxury-travel/","Ecuador Luxury Travel | Private High-Comfort Trips","Plan luxury travel in Ecuador with private routes, premium stays, and high-comfort experiences across key regions.","Ecuador Luxury Travel","https://experienceecuador.com/ecuador-luxury-travel/","en","en;es;x-default","index,follow","","1","true","/assets/css/cluster-recommendations.css?v=20261004r66",""
"https://experienceecuador.com/ecuador-private-tours/","200","https://experienceecuador.com/ecuador-private-tours/","Ecuador Private Tours | Custom Routes Across Ecuador","Plan private Ecuador tours across the Andes, Amazon, Coast, and Galápagos with flexible routes and custom pacing.","Ecuador Private Tours","https://experienceecuador.com/ecuador-private-tours/","en","en;es;x-default","index,follow","","1","true","/assets/css/cluster-recommendations.css?v=20261004r66",""
"https://experienceecuador.com/ecuador-amazon-vs-galapagos/","200","https://experienceecuador.com/ecuador-amazon-vs-galapagos/","Amazon vs Galápagos | Which Is Better for Ecuador Travel?","Compare Ecuador","Amazon vs Galápagos: Which Is Better for Your Ecuador Trip?","https://experienceecuador.com/ecuador-amazon-vs-galapagos/","en","en;es;x-default","index,follow","","1","true","/assets/css/cluster-editorial.css?v=20261003j63",""
"https://experienceecuador.com/family-friendly-ecuador-itinerary/","200","https://experienceecuador.com/family-friendly-ecuador-itinerary/","Family Ecuador Itinerary | Routes & Planning Tips","Plan a family-friendly Ecuador itinerary with practical route ideas, wildlife stops, and flexible pacing.","Family-Friendly Ecuador Itinerary","https://experienceecuador.com/family-friendly-ecuador-itinerary/","en","en;es;x-default","index,follow","","1","true","/assets/css/cluster-editorial.css?v=20261003j63",""
"https://experienceecuador.com/ecuador-travel-guide/","200","https://experienceecuador.com/ecuador-travel-guide/","Ecuador Travel Guide | Regions, Routes & Trip Planning","Plan a smarter Ecuador trip with region guides, route ideas, travel timing, and practical planning tips.","Ecuador Travel Guide","https://experienceecuador.com/ecuador-travel-guide/","en","en;es;x-default","index,follow","","1","true","/assets/css/cluster-editorial.css?v=20261003j63",""
"https://experienceecuador.com/galapagos-travel-guide/","200","https://experienceecuador.com/galapagos-travel-guide/","Galápagos Travel Guide | Islands, Wildlife & Routes","Plan a smarter Galápagos trip with island guidance, wildlife highlights, route ideas, and practical travel tips.","Galápagos Travel Guide","https://experienceecuador.com/galapagos-travel-guide/","en","en;es;x-default","index,follow","","1","true","/assets/css/cluster-editorial.css?v=20261003j63",""
"https://experienceecuador.com/quito-travel-guide/","200","https://experienceecuador.com/quito-travel-guide/","Quito Travel Guide | Best Areas, Days & Planning Tips","Plan Quito with the best areas to stay, how many days to spend, altitude tips, and nearby day trips.","Quito Travel Guide","https://experienceecuador.com/quito-travel-guide/","en","en;es;x-default","index,follow","","1","true","/assets/css/cluster-editorial.css?v=20261003j63",""
"https://experienceecuador.com/andes-travel-guide/","200","https://experienceecuador.com/andes-travel-guide/","Andes Travel Guide | Cities, Volcanoes & Route Planning","Plan Ecuador’s Andes with city bases, volcano scenery, cloud forest access, and smarter route ideas.","Andes Travel Guide","https://experienceecuador.com/andes-travel-guide/","en","en;es;x-default","index,follow","","1","true","/assets/css/cluster-editorial.css?v=20261003j63",""
"https://experienceecuador.com/amazon-travel-guide/","200","https://experienceecuador.com/amazon-travel-guide/","Ecuador Amazon Guide | Wildlife, Lodges & Routes","Plan Ecuador Amazon travel with wildlife highlights, rainforest lodges, route ideas, and practical logistics.","Amazon Travel Guide","https://experienceecuador.com/amazon-travel-guide/","en","en;es;x-default","index,follow","","1","true","/assets/css/cluster-editorial.css?v=20261003j63",""
"https://experienceecuador.com/coast-travel-guide/","200","https://experienceecuador.com/coast-travel-guide/","Ecuador Coast Guide | Beaches, Towns & Routes","Plan Ecuador’s Coast with beach towns, seafood stops, surf bases, and practical route ideas.","Coast Travel Guide","https://experienceecuador.com/coast-travel-guide/","en","en;es;x-default","index,follow","","1","true","/assets/css/cluster-editorial.css?v=20261003j63",""
"https://experienceecuador.com/ecuador-packing-list-by-region/","200","https://experienceecuador.com/ecuador-packing-list-by-region/","Ecuador Packing List | What to Pack by Region","Use this Ecuador packing list by region to plan clothing and gear for the Andes, Amazon, Coast, and Galápagos.","Ecuador Packing List by Region","https://experienceecuador.com/ecuador-packing-list-by-region/","en","en;es;x-default","index,follow","","1","true","/assets/css/cluster-editorial.css?v=20261003j63",""
"https://experienceecuador.com/best-time-to-visit-ecuador/","200","https://experienceecuador.com/best-time-to-visit-ecuador/","Best Time to Visit Ecuador | Weather, Regions & Wildlife","See the best time to visit Ecuador by region, weather patterns, wildlife goals, and trip style.","Best Time to Visit Ecuador","https://experienceecuador.com/best-time-to-visit-ecuador/","en","en;es;x-default","index,follow","","1","true","/assets/css/cluster-editorial.css?v=20261003j63",""
"https://experienceecuador.com/best-things-to-do-in-mindo-ecuador/","200","https://experienceecuador.com/best-things-to-do-in-mindo-ecuador/","Best Things to Do in Mindo | Cloud Forest Guide","Compare the best things to do in Mindo by travel style, time, weather and access, from birding and waterfalls to chocolate and soft adventure.","Best Things to Do in Mindo, Ecuador","https://experienceecuador.com/best-things-to-do-in-mindo-ecuador/","en","en;es;x-default","index,follow","","1","true","/assets/css/cluster-editorial.css?v=20261003j63",""
"https://experienceecuador.com/mindo-cloud-forest-guide/","200","https://experienceecuador.com/mindo-cloud-forest-guide/","Mindo Cloud Forest | Lodges, Birding & Routes","Plan Mindo with lodge ideas, cloud forest birding, waterfalls, and route tips from Quito.","Mindo Cloud Forest Guide","https://experienceecuador.com/mindo-cloud-forest-guide/","en","en;es;x-default","index,follow","","1","true","/assets/css/cluster-editorial.css?v=20261003j63",""
"https://experienceecuador.com/es/mejor-epoca-para-visitar-ecuador/","200","https://experienceecuador.com/es/mejor-epoca-para-visitar-ecuador/","Mejor Época para Visitar Ecuador | Por Región","Encuentra la mejor época para visitar Ecuador por región, incluyendo Galápagos, Andes, Costa, Amazonía y Mindo, con clima, fauna y rutas.","Mejor Época para Visitar Ecuador","https://experienceecuador.com/es/mejor-epoca-para-visitar-ecuador/","es","en;es;x-default","index,follow","","1","true","/assets/css/cluster-editorial.css?v=20261003j63",""
"https://experienceecuador.com/es/mejores-cosas-que-hacer-en-mindo/","200","https://experienceecuador.com/es/mejores-cosas-que-hacer-en-mindo/","Mejores Cosas que Hacer en Mindo | Guía Útil","Compara qué hacer en Mindo según intereses, tiempo, clima, acceso y requisitos de reserva: aves, cascadas, chocolate, mariposas y aventura moderada.","Mejores Cosas que Hacer en Mindo, Ecuador","https://experienceecuador.com/es/mejores-cosas-que-hacer-en-mindo/","es","en;es;x-default","index,follow","","1","true","/assets/css/cluster-editorial.css?v=20261003j63",""
"https://experienceecuador.com/es/guia-bosque-nublado-mindo/","200","https://experienceecuador.com/es/guia-bosque-nublado-mindo/","Bosque nublado de Mindo | Aves, estadías y rutas","Planifica Mindo con bosque nublado, aves, cascadas, alojamientos y conexiones desde Quito para una estadía clara dentro de tu ruta por Ecuador.","Guía del Bosque Nublado de Mindo","https://experienceecuador.com/es/guia-bosque-nublado-mindo/","es","en;es;x-default","index,follow","","1","true","/assets/css/cluster-editorial.css?v=20261003j63",""
"https://experienceecuador.com/es/hospedaje-bosque-nublado-ecuador/","200","https://experienceecuador.com/es/hospedaje-bosque-nublado-ecuador/","Hospedaje en bosque nublado | Mindo y Chocó","Compara hospedaje de bosque nublado en Ecuador entre Mindo y Chocó Andino para elegir estadía, región y ruta de viaje.","Hospedaje en el Bosque Nublado de Ecuador","https://experienceecuador.com/es/hospedaje-bosque-nublado-ecuador/","es","en;es;x-default","index,follow","","2","true","/assets/css/cluster-recommendations.css?v=20261004r66",""
"https://experienceecuador.com/es/lodges-amazonia-ecuador/","200","https://experienceecuador.com/es/lodges-amazonia-ecuador/","Lodges en la Amazonía de Ecuador | Selva y fauna","Compara lodges en la Amazonía de Ecuador por región, acceso, fauna, comodidad y logística para elegir una estadía de selva más clara.","Lodges en la Amazonía de Ecuador","https://experienceecuador.com/es/lodges-amazonia-ecuador/","es","en;es;x-default","index,follow","","2","true","/assets/css/cluster-recommendations.css?v=20261004r66",""
"https://experienceecuador.com/es/tours-avistamiento-aves-ecuador/","200","https://experienceecuador.com/es/tours-avistamiento-aves-ecuador/","Tours de avistamiento de aves en Ecuador","Compara tours de avistamiento de aves en Mindo, Chocó Andino y Amazonía, con guías, hábitats y rutas privadas por Ecuador.","Tours de avistamiento de aves en Ecuador","https://experienceecuador.com/es/tours-avistamiento-aves-ecuador/","es","en;es;x-default","index,follow","","1","true","/assets/css/cluster-recommendations.css?v=20261004r66",""
"https://experienceecuador.com/es/tours-privados-ecuador/","200","https://experienceecuador.com/es/tours-privados-ecuador/","Tours privados en Ecuador | Rutas personalizadas","Planifica tours privados por Ecuador con rutas flexibles, traslados, ritmo personalizado y conexiones entre Andes, Amazonía, Costa y Galápagos.","Tours Privados en Ecuador","https://experienceecuador.com/es/tours-privados-ecuador/","es","en;es;x-default","index,follow","","1","true","/assets/css/cluster-recommendations.css?v=20261004r66",""
"https://experienceecuador.com/es/vacaciones-familiares-ecuador/","200","https://experienceecuador.com/es/vacaciones-familiares-ecuador/","Vacaciones familiares en Ecuador | Rutas privadas","Planifica vacaciones familiares en Ecuador con rutas privadas, ritmo flexible y experiencias apropiadas para distintas edades y regiones.","Vacaciones Familiares en Ecuador","https://experienceecuador.com/es/vacaciones-familiares-ecuador/","es","en;es;x-default","index,follow","","1","true","/assets/css/cluster-recommendations.css?v=20261004r66",""
"https://experienceecuador.com/es/viajes-de-lujo-ecuador/","200","https://experienceecuador.com/es/viajes-de-lujo-ecuador/","Viajes de Lujo en Ecuador | Rutas Privadas","Planifica viajes de lujo en Ecuador con rutas privadas, alojamientos de alta comodidad, un ritmo cuidado y experiencias destacadas.","Viajes de Lujo en Ecuador","https://experienceecuador.com/es/viajes-de-lujo-ecuador/","es","en;es;x-default","index,follow","","1","true","/assets/css/cluster-recommendations.css?v=20261004r66",""
"https://experienceecuador.com/es/amazonia-vs-galapagos/","200","https://experienceecuador.com/es/amazonia-vs-galapagos/","Amazonía vs Galápagos | Qué Conviene Más para Viajar","Compara Amazonía y Galápagos por fauna, costo, temporada, logística y tipo de viaje para elegir la mejor ruta en Ecuador con más claridad.","Amazonía vs Galápagos: Qué Conviene Más para Tu Viaje","https://experienceecuador.com/es/amazonia-vs-galapagos/","es","en;es;x-default","index,follow","","1","true","/assets/css/cluster-editorial.css?v=20261003j63",""
"https://experienceecuador.com/es/itinerario-familiar-ecuador/","200","https://experienceecuador.com/es/itinerario-familiar-ecuador/","Itinerario Familiar Ecuador | Ruta Práctica","Planifica un itinerario familiar por Ecuador con rutas más suaves, mejores bases, ritmo para niños y decisiones claras entre Quito, Mindo, Galápagos y más.","Itinerario Familiar por Ecuador","https://experienceecuador.com/es/itinerario-familiar-ecuador/","es","en;es;x-default","index,follow","","1","true","/assets/css/cluster-editorial.css?v=20261003j63",""
"https://experienceecuador.com/es/guia-viaje-ecuador/","200","https://experienceecuador.com/es/guia-viaje-ecuador/","Guía de Viaje por Ecuador | Regiones, Rutas y Consejos","Usa esta guía de viaje por Ecuador para comparar regiones, crear mejores rutas, elegir bases y evitar errores de temporada, traslados e itinerario.","Guía de Viaje por Ecuador","https://experienceecuador.com/es/guia-viaje-ecuador/","es","en;es;x-default","index,follow","","1","true","/assets/css/cluster-editorial.css?v=20261003j63",""
"https://experienceecuador.com/es/guia-viaje-galapagos/","200","https://experienceecuador.com/es/guia-viaje-galapagos/","Guía de Galápagos | Islas, fauna y rutas","Compara islas, fauna, traslados y estilos de viaje para construir una ruta por Galápagos con tiempos y conexiones realistas.","Guía de Viaje a Galápagos","https://experienceecuador.com/es/guia-viaje-galapagos/","es","en;es;x-default","index,follow","","1","true","/assets/css/cluster-editorial.css?v=20261003j63",""
"https://experienceecuador.com/es/guia-viaje-quito/","200","https://experienceecuador.com/es/guia-viaje-quito/","Guía de Viaje Quito | Qué Saber","Usa esta guía de viaje de Quito para planificar mejores días, elegir bases, manejar la altura y conectar la ciudad con Mindo, Andes, Galápagos o Amazonía.","Guía de Viaje de Quito","https://experienceecuador.com/es/guia-viaje-quito/","es","en;es;x-default","index,follow","","1","true","/assets/css/cluster-editorial.css?v=20261003j63",""
"https://experienceecuador.com/es/lista-equipaje-ecuador-por-region/","200","https://experienceecuador.com/es/lista-equipaje-ecuador-por-region/","Lista de Equipaje Ecuador | Por Región","Usa esta lista de equipaje para Ecuador por región y empaca mejor para Galápagos, Andes, Costa, Amazonía y Mindo sin llevar de más ni olvidar básicos.","Lista de Equipaje para Ecuador por Región","https://experienceecuador.com/es/lista-equipaje-ecuador-por-region/","es","en;es;x-default","index,follow","","1","true","/assets/css/cluster-editorial.css?v=20261003j63",""
"https://experienceecuador.com/experiences/adventure/banos/","200","https://experienceecuador.com/experiences/adventure/banos/","Baños Adventure | Canyoning, Rafting & Waterfalls","Plan Baños adventure with canyoning, rafting, waterfalls, cycling and practical route ideas for an active Ecuador itinerary.","Adventure in Baños","https://experienceecuador.com/experiences/adventure/banos/","en","en;es;x-default","index,follow","","2","true","/assets/css/cluster-experiences.css?v=20261003cg61",""
"https://experienceecuador.com/es/experiencias/aventura/banos/","200","https://experienceecuador.com/es/experiencias/aventura/banos/","Aventura en Baños | Rafting, canyoning y cascadas","Planifica Baños con rafting, canyoning, cascadas, ciclismo y una ruta práctica que combina aventura, descanso y viaje andino.","Aventura en Baños","https://experienceecuador.com/es/experiencias/aventura/banos/","es","en;es;x-default","index,follow","","2","true","/assets/css/cluster-experiences.css?v=20261003cg61",""
"https://experienceecuador.com/es/destacados/","200","https://experienceecuador.com/es/destacados/","Destacados Ecuador | Eventos y Temporadas","Explora destacados de Ecuador con eventos de temporada, momentos de naturaleza, fechas clave e ideas para planificar viajes por regiones.","Destacados Ecuador Eventos y Temporadas","https://experienceecuador.com/es/destacados/","es","en;es;x-default","index,follow","","2","true","/assets/css/cluster-editorial.css?v=20261003j63",""
"https://experienceecuador.com/es/mejores-cosas-que-hacer-en-ecuador/","200","https://experienceecuador.com/es/mejores-cosas-que-hacer-en-ecuador/","Qué hacer en Ecuador | Mejores experiencias por región","Compara Galápagos, la Costa, los Andes y la Amazonía para elegir las mejores experiencias de Ecuador, evitar errores de ruta y planear un viaje más fuerte.","Mejores Cosas que Hacer en Ecuador","https://experienceecuador.com/es/mejores-cosas-que-hacer-en-ecuador/","es","en;es;x-default","index,follow","","1","true","/assets/css/cluster-editorial.css?v=20261003j63",""
"https://experienceecuador.com/es/guia-viaje-andes/","200","https://experienceecuador.com/es/guia-viaje-andes/","Guía de los Andes de Ecuador | Ciudades y volcanes","Planifica los Andes de Ecuador con ciudades, volcanes, pueblos, bosques nublados y rutas serranas con conexiones realistas.","Guía de Viaje Andes","https://experienceecuador.com/es/guia-viaje-andes/","es","en;es;x-default","index,follow","","1","true","/assets/css/cluster-editorial.css?v=20261003j63",""
"https://experienceecuador.com/es/guia-viaje-costa/","200","https://experienceecuador.com/es/guia-viaje-costa/","Guía de la Costa de Ecuador | Playas y rutas","Planifica la Costa de Ecuador con pueblos de playa, paradas de mariscos, bases de surf e ideas prácticas de ruta.","Guía de la Costa de Ecuador","https://experienceecuador.com/es/guia-viaje-costa/","es","en;es;x-default","index,follow","","1","true","/assets/css/cluster-editorial.css?v=20261003j63",""
"https://experienceecuador.com/es/guia-viaje-amazonia/","200","https://experienceecuador.com/es/guia-viaje-amazonia/","Guía de la Amazonía ecuatoriana | Fauna y alojamientos","Planifica un viaje por la Amazonía ecuatoriana con fauna, alojamientos en la selva, rutas y logística práctica.","Guía de viaje a la Amazonía","https://experienceecuador.com/es/guia-viaje-amazonia/","es","en;es;x-default","index,follow","","1","true","/assets/css/cluster-editorial.css?v=20261003j63",""
"https://experienceecuador.com/where-to-stay-in-ecuador/","200","https://experienceecuador.com/where-to-stay-in-ecuador/","Where to Stay in Ecuador | Regions & Stay Types","Compare where to stay in Ecuador across the Andes, cloud forest, Amazon, Coast, and Galápagos to build a smarter route.","Where to Stay in Ecuador","https://experienceecuador.com/where-to-stay-in-ecuador/","en","en;es;x-default","index,follow","","2","true","/assets/css/cluster-recommendations.css?v=20261004r66",""
"https://experienceecuador.com/best-places-to-visit-in-ecuador/","200","https://experienceecuador.com/best-places-to-visit-in-ecuador/","Best Places in Ecuador | Regions & Travel Routes","Explore the best places to visit in Ecuador, from Quito and the Andes to the Amazon, Coast, cloud forest, and Galapagos.","Best Places to Visit in Ecuador","https://experienceecuador.com/best-places-to-visit-in-ecuador/","en","en;es;x-default","index,follow","","1","true","/assets/css/cluster-editorial.css?v=20261003j63",""
"https://experienceecuador.com/es/mejores-lugares-para-visitar-ecuador/","200","https://experienceecuador.com/es/mejores-lugares-para-visitar-ecuador/","Mejores lugares de Ecuador | Regiones y rutas","Compara Galápagos, Costa, Andes y Amazonía para elegir destinos y construir una ruta por Ecuador con tiempos y conexiones realistas.","Mejores lugares para visitar en Ecuador","https://experienceecuador.com/es/mejores-lugares-para-visitar-ecuador/","es","en;es;x-default","index,follow","","1","true","/assets/css/cluster-editorial.css?v=20261003j63",""
"https://experienceecuador.com/es/donde-alojarse-ecuador/","200","https://experienceecuador.com/es/donde-alojarse-ecuador/","Dónde alojarse en Ecuador | Regiones y Estadías","Compara dónde alojarte en Ecuador entre Andes, bosque nublado, Amazonía, costa y Galápagos para elegir región, estilo de estadía y ruta.","Dónde alojarse en Ecuador","https://experienceecuador.com/es/donde-alojarse-ecuador/","es","en;es;x-default","index,follow","","2","true","/assets/css/cluster-recommendations.css?v=20261004r66",""
"https://experienceecuador.com/ecuador-unesco-world-heritage-sites/","200","https://experienceecuador.com/ecuador-unesco-world-heritage-sites/","Ecuador UNESCO World Heritage Sites | Guide","Explore Ecuador UNESCO World Heritage Sites, from Quito and Galápagos to Sangay, Cuenca, Qhapaq Ñan, and new tentative heritage places.","Ecuador UNESCO World Heritage Guide","https://experienceecuador.com/ecuador-unesco-world-heritage-sites/","en","en;es;x-default","index,follow","","1","true","/assets/css/cluster-editorial.css?v=20261003j63",""
"https://experienceecuador.com/es/patrimonio-mundial-ecuador/","200","https://experienceecuador.com/es/patrimonio-mundial-ecuador/","Patrimonio Mundial Ecuador | Sitios UNESCO y Rutas","Explora el Patrimonio Mundial Ecuador, desde Quito y Galápagos hasta Sangay, Cuenca, Qhapaq Ñan y nuevos sitios en Lista Indicativa.","Guía del Patrimonio Mundial de Ecuador","https://experienceecuador.com/es/patrimonio-mundial-ecuador/","es","en;es;x-default","index,follow","","1","true","/assets/css/cluster-editorial.css?v=20261003j63",""
"https://experienceecuador.com/es/contacto/","200","https://experienceecuador.com/es/contacto/","Contacto Experience Ecuador | Viajes y Alianzas","Contacta a Experience Ecuador para preguntas de viaje, alianzas, medios o recomendaciones curadas en Ecuador.","Contacto Experience Ecuador","https://experienceecuador.com/es/contacto/","es","en;es;x-default","index,follow","","1","true","/assets/css/cluster-trust.css?v=20261003b62",""
"https://experienceecuador.com/es/experiencias/","200","https://experienceecuador.com/es/experiencias/","Experiencias en Ecuador | Naturaleza, Cultura y Aventura","Compara naturaleza, aventura, fauna y aves, cultura, relajación y gastronomía para crear un viaje por Ecuador acorde con tu ritmo.","Explora Ecuador por Experiencia","https://experienceecuador.com/es/experiencias/","es","en;es;x-default","index,follow","","3","true","/assets/css/cluster-experiences.css?v=20261003cg61",""
"https://experienceecuador.com/es/experiencias/aventura/","200","https://experienceecuador.com/es/experiencias/aventura/","Aventura en Ecuador | Volcanes, rafting y surf","Planifica aventura en Ecuador con volcanes, rafting, canyoning, canopy, bosque nublado y surf mediante rutas activas por varias regiones.","Aventura en Ecuador","https://experienceecuador.com/es/experiencias/aventura/","es","en;es;x-default","index,follow","","2","true","/assets/css/cluster-experiences.css?v=20261003cg61",""
"https://experienceecuador.com/es/experiencias/cultura/","200","https://experienceecuador.com/es/experiencias/cultura/","Cultura en Ecuador | Ciudades, mercados y patrimonio","Planifica cultura en Ecuador con ciudades históricas, mercados, tradiciones, patrimonio, comida y rutas que aportan contexto local al viaje.","Cultura en Ecuador","https://experienceecuador.com/es/experiencias/cultura/","es","en;es;x-default","index,follow","","2","true","/assets/css/cluster-experiences.css?v=20261003cg61",""
"https://experienceecuador.com/es/experiencias/gastronomia/","200","https://experienceecuador.com/es/experiencias/gastronomia/","Gastronomía en Ecuador | Mercados, cacao y café","Planifica un viaje gastronómico por Ecuador con mercados, mariscos, cacao, café y platos regionales conectados a cada destino.","Gastronomía en Ecuador","https://experienceecuador.com/es/experiencias/gastronomia/","es","en;es;x-default","index,follow","","2","true","/assets/css/cluster-experiences.css?v=20261003cg61",""
"https://experienceecuador.com/es/experiencias/gastronomia/imperdibles/","200","https://experienceecuador.com/es/experiencias/gastronomia/imperdibles/","Comida ecuatoriana imperdible | Platos por región","Descubre platos ecuatorianos por región: comida andina, mariscos de la Costa, sabores de la Amazonía y especialidades de Galápagos.","Imperdibles en Ecuador","https://experienceecuador.com/es/experiencias/gastronomia/imperdibles/","es","en;es;x-default","index,follow","","2","true","/assets/css/cluster-experiences.css?v=20261003cg61",""
"https://experienceecuador.com/es/experiencias/naturaleza/","200","https://experienceecuador.com/es/experiencias/naturaleza/","Naturaleza en Ecuador | Volcanes, bosques y Amazonía","Planifica naturaleza en Ecuador con volcanes, bosques nublados, Amazonía, lagunas andinas y reservas costeras en una ruta bien conectada.","Naturaleza en Ecuador","https://experienceecuador.com/es/experiencias/naturaleza/","es","en;es;x-default","index,follow","","3","true","/assets/css/cluster-experiences.css?v=20261003cg61",""
"https://experienceecuador.com/es/experiencias/relajacion/","200","https://experienceecuador.com/es/experiencias/relajacion/","Relajación en Ecuador | Termas y estadías tranquilas","Planifica un viaje relajado por Ecuador con termas, estadías escénicas, bases tranquilas en bosque nublado y rutas costeras de ritmo lento.","Relajación en Ecuador","https://experienceecuador.com/es/experiencias/relajacion/","es","en;es;x-default","index,follow","","2","true","/assets/css/cluster-experiences.css?v=20261003cg61",""
"https://experienceecuador.com/es/experiencias/vida-silvestre-y-aves/","200","https://experienceecuador.com/es/experiencias/vida-silvestre-y-aves/","Fauna y aves en Ecuador | Regiones y hábitats","Planifica fauna y avistamiento de aves en Ecuador por bosques nublados, Amazonía, Costa y Galápagos, con rutas guiadas por hábitat.","Vida silvestre y aves en Ecuador","https://experienceecuador.com/es/experiencias/vida-silvestre-y-aves/","es","en;es;x-default","index,follow","","3","true","/assets/css/cluster-experiences.css?v=20261003cg61",""
"https://experienceecuador.com/es/regiones/amazonia/","200","https://experienceecuador.com/es/regiones/amazonia/","Amazonía de Ecuador | Lodges, fauna y rutas","Explora la Amazonía de Ecuador: compara Tena, Misahuallí, Cuyabeno, Yasuní, lodges, fauna y accesos para planificar una ruta realista.","Explora la región Amazonía de Ecuador","https://experienceecuador.com/es/regiones/amazonia/","es","en;es;x-default","index,follow","","1","true","/assets/css/cluster-destinations.css?v=20261003d59g61",""
"https://experienceecuador.com/es/regiones/andes/","200","https://experienceecuador.com/es/regiones/andes/","Andes de Ecuador | Ciudades, volcanes y rutas","Planifica los Andes de Ecuador con bases en Quito o Cuenca, volcanes, mercados, bosque nublado y rutas realistas por la Sierra.","Explora la región andina de Ecuador","https://experienceecuador.com/es/regiones/andes/","es","en;es;x-default","index,follow","","1","true","/assets/css/cluster-destinations.css?v=20261003d59g61",""
"https://experienceecuador.com/es/regiones/andes/cotacachi/","200","https://experienceecuador.com/es/regiones/andes/cotacachi/","Cotacachi Ecuador | Cuicocha y pueblo artesanal","Planifica Cotacachi y la laguna Cuicocha con artesanías, paisaje del norte andino y una ruta de medio día o una noche.","Cotacachi, Ecuador","https://experienceecuador.com/es/regiones/andes/cotacachi/","es","en;es;x-default","index,follow","","2","true","/assets/css/cluster-destinations.css?v=20261003d59g61",""
"https://experienceecuador.com/es/regiones/andes/otavalo/","200","https://experienceecuador.com/es/regiones/andes/otavalo/","Otavalo Ecuador | Mercado, textiles y cultura andina","Planifica tu viaje a Otavalo, Ecuador con mercado indígena, textiles, paisajes andinos, lagos cercanos y una combinación fácil con Quito y el norte andino.","Otavalo, Ecuador","https://experienceecuador.com/es/regiones/andes/otavalo/","es","en;es;x-default","index,follow","","2","true","/assets/css/cluster-destinations.css?v=20261003d59g61",""
"https://experienceecuador.com/es/regiones/andes/zuleta/","200","https://experienceecuador.com/es/regiones/andes/zuleta/","Zuleta Ecuador | Bordado y caminatas rurales","Explora Zuleta con bordados, caminatas rurales y paisajes del norte andino en una visita de medio día o una noche.","Zuleta, Ecuador","https://experienceecuador.com/es/regiones/andes/zuleta/","es","en;es;x-default","index,follow","","2","true","/assets/css/cluster-destinations.css?v=20261003d59g61",""
"https://experienceecuador.com/es/resenas/","200","https://experienceecuador.com/es/resenas/","Reseñas de Experience Ecuador | Opiniones y transparencia","Conozca cómo Experience Ecuador gestiona opiniones, verifica sus fuentes y usa correcciones para mejorar la investigación y planificación de viajes.","Reseñas de Experience Ecuador","https://experienceecuador.com/es/resenas/","es","en;es;x-default","index,follow","","1","true","/assets/css/cluster-trust.css?v=20261003b62",""
"https://experienceecuador.com/es/transporte/","200","https://experienceecuador.com/es/transporte/","Transporte | Experience Ecuador","Estima tiempos de traslado en Ecuador. Elige origen y destino, ajusta pasajeros y maletas, y planifica transporte antes de llegar.","Transporte","https://experienceecuador.com/es/transporte/","es","en;es;x-default","","","1","true","/assets/css/cluster-planning.css?v=20261004p72",""
"https://experienceecuador.com/reviews/","200","https://experienceecuador.com/reviews/","Experience Ecuador Reviews | Feedback & Transparency","See how Experience Ecuador handles traveler feedback, verifies review sources, and uses corrections to improve Ecuador travel research and planning.","Experience Ecuador Reviews","https://experienceecuador.com/reviews/","en","en;es;x-default","index,follow","","1","true","/assets/css/cluster-trust.css?v=20261003b62",""
"https://experienceecuador.com/transportation/","200","https://experienceecuador.com/transportation/","Transportation | Experience Ecuador","Estimate transfer times across Ecuador. Pick a start and destination, adjust passengers and bags, and plan airport and city transport before you arrive.","Transportation","https://experienceecuador.com/transportation/","en","en;es;x-default","","","1","true","/assets/css/cluster-planning.css?v=20261004p72",""
"https://experienceecuador.com/explore/","200","https://experienceecuador.com/explore/","Explore Our Ecuador Network | Experience Ecuador","Explore our affiliated Ecuador travel brands for birdwatching, Amazon wildlife, cloud forest tours, Mindo adventures, trails, and private stays.","Explore More of Ecuador","https://experienceecuador.com/explore/","en","en;es;x-default","index,follow","","2","true","/assets/css/cluster-discovery.css?v=20261003d63",""
"https://experienceecuador.com/es/explora/","200","https://experienceecuador.com/es/explora/","Explora Nuestra Red en Ecuador | Experience Ecuador","Explora nuestras marcas afiliadas en Ecuador para observación de aves, Amazonía, tours de bosque nublado, aventuras en Mindo, senderos y estadías privadas.","Explora Más de Ecuador","https://experienceecuador.com/es/explora/","es","en;es;x-default","index,follow","","2","true","/assets/css/cluster-discovery.css?v=20261003d63",""
"https://experienceecuador.com/ecuador-coast-itinerary/","200","https://experienceecuador.com/ecuador-coast-itinerary/","7-Day Ecuador Coast Itinerary | Guayaquil to Ruta del Sol","Plan a realistic seven-day Ecuador Coast itinerary from Guayaquil through Puerto López and the Ruta del Sol, with seasonal and transfer guidance.","A Realistic 7-Day Ecuador Coast Itinerary","https://experienceecuador.com/ecuador-coast-itinerary/","en","en;es;x-default","index,follow","","1","true","/assets/css/cluster-planning.css?v=20261004p72",""
"https://experienceecuador.com/es/itinerario-costa-ecuador/","200","https://experienceecuador.com/es/itinerario-costa-ecuador/","Itinerario de 7 Días por la Costa de Ecuador","Planifica siete días por la Costa de Ecuador desde Guayaquil hacia Puerto López y la Ruta del Sol, con temporada, traslados y ritmo realistas.","Un Itinerario Realista de 7 Días por la Costa","https://experienceecuador.com/es/itinerario-costa-ecuador/","es","en;es;x-default","index,follow","","1","true","/assets/css/cluster-planning.css?v=20261004p72",""
"https://experienceecuador.com/ecuador-amazon-galapagos-itinerary/","200","https://experienceecuador.com/ecuador-amazon-galapagos-itinerary/","Amazon and Galápagos Itinerary | 12–14 Days in Ecuador","Plan a realistic 12–14 day Ecuador Amazon and Galápagos itinerary with protected flight buffers, lodge time and responsible wildlife expectations.","Combine Ecuador's Amazon and Galápagos in 12–14 Days","https://experienceecuador.com/ecuador-amazon-galapagos-itinerary/","en","en;es;x-default","index,follow","","1","true","/assets/css/cluster-planning.css?v=20261004p72",""
"https://experienceecuador.com/es/itinerario-amazonia-galapagos/","200","https://experienceecuador.com/es/itinerario-amazonia-galapagos/","Itinerario Amazonía y Galápagos | 12–14 Días","Planifica 12 a 14 días entre Amazonía y Galápagos con márgenes para vuelos, tiempo de lodge y expectativas responsables de fauna.","Combina la Amazonía y Galápagos en 12–14 Días","https://experienceecuador.com/es/itinerario-amazonia-galapagos/","es","en;es;x-default","index,follow","","1","true","/assets/css/cluster-planning.css?v=20261004p72",""
"https://experienceecuador.com/ecuador-birdwatching-itinerary/","200","https://experienceecuador.com/ecuador-birdwatching-itinerary/","Ecuador Birdwatching Itinerary | 10–12 Day Route","Plan a 10–12 day Ecuador birdwatching route through Quito, Mindo and Chocó Andino with habitat sequencing, realistic transfers and specialist referrals.","Plan a 10–12 Day Ecuador Birdwatching Itinerary","https://experienceecuador.com/ecuador-birdwatching-itinerary/","en","en;es;x-default","index,follow","","1","true","/assets/css/cluster-planning.css?v=20261004p72",""
"https://experienceecuador.com/es/itinerario-aviturismo-ecuador/","200","https://experienceecuador.com/es/itinerario-aviturismo-ecuador/","Itinerario de Aviturismo en Ecuador | 10–12 Días","Planifica 10 a 12 días de aviturismo por Quito, Mindo y el Chocó Andino, con secuencia de hábitats, traslados realistas y apoyo especializado.","Planifica 10–12 Días de Aviturismo en Ecuador","https://experienceecuador.com/es/itinerario-aviturismo-ecuador/","es","en;es;x-default","index,follow","","1","true","/assets/css/cluster-planning.css?v=20261004p72",""
"https://experienceecuador.com/tours/ecuador-choco-biodiversity/","200","https://experienceecuador.com/tours/ecuador-choco-biodiversity/","Ecuador Chocó Biodiversity Route | 7–9 Day Framework","Research a responsible 7–9 day Ecuador Chocó biodiversity route across cloud-forest elevations before operators, reserve access and pricing are confirmed.","Follow the Chocó Andino Across Elevations","https://experienceecuador.com/tours/ecuador-choco-biodiversity/","en","en;es;x-default","index,follow","","1","true","/assets/css/cluster-planning.css?v=20261004p72",""
"https://experienceecuador.com/es/tours/biodiversidad-choco-ecuador/","200","https://experienceecuador.com/es/tours/biodiversidad-choco-ecuador/","Ruta de Biodiversidad del Chocó | Marco de 7–9 Días","Investiga una ruta responsable de 7–9 días por la biodiversidad del Chocó antes de confirmar operadores, acceso a reservas, disponibilidad y precios.","Recorre el Chocó Andino a Través de sus Elevaciones","https://experienceecuador.com/es/tours/biodiversidad-choco-ecuador/","es","en;es;x-default","index,follow","","1","true","/assets/css/cluster-planning.css?v=20261004p72",""
"https://experienceecuador.com/tours/ecuador-photo-tour/","200","https://experienceecuador.com/tours/ecuador-photo-tour/","Ecuador Wildlife Photography Route | 8–10 Day Framework","Research an 8–10 day Ecuador wildlife photography route across high Andes and cloud forest before access, specialist leadership, prices and dates are confirmed.","Plan Ecuador Around Light, Habitat, and Time","https://experienceecuador.com/tours/ecuador-photo-tour/","en","en;es;x-default","index,follow","","1","true","/assets/css/cluster-planning.css?v=20261004p72",""
"https://experienceecuador.com/es/tours/tour-fotografia-ecuador/","200","https://experienceecuador.com/es/tours/tour-fotografia-ecuador/","Ruta de Fotografía de Fauna en Ecuador | Marco de 8–10 Días","Investiga una ruta de 8–10 días para fotografía de fauna entre Andes altos y bosque nublado antes de confirmar acceso, especialistas, precios y fechas.","Planifica Ecuador Según la Luz, el Hábitat y el Tiempo","https://experienceecuador.com/es/tours/tour-fotografia-ecuador/","es","en;es;x-default","index,follow","","1","true","/assets/css/cluster-planning.css?v=20261004p72",""
"https://experienceecuador.com/tours/ecuador-birds-mammals/","200","https://experienceecuador.com/tours/ecuador-birds-mammals/","Ecuador Birds and Mammals Route | 14-Day Framework","Research a 14-day Ecuador birds and mammals route across cloud forest, Amazon, east-slope and high-Andes habitats before operators and prices are confirmed.","Connect Ecuador’s Strongest Wildlife Habitats","https://experienceecuador.com/tours/ecuador-birds-mammals/","en","en;es;x-default","index,follow","","1","true","/assets/css/cluster-planning.css?v=20261004p72",""
"https://experienceecuador.com/es/tours/aves-mamiferos-ecuador/","200","https://experienceecuador.com/es/tours/aves-mamiferos-ecuador/","Ruta de Aves y Mamíferos en Ecuador | 14 Días","Investiga una ruta de 14 días para aves y mamíferos entre bosque nublado, Amazonía, vertiente oriental y Andes antes de confirmar operadores y precios.","Conecta los Hábitats Más Destacados de Ecuador","https://experienceecuador.com/es/tours/aves-mamiferos-ecuador/","es","en;es;x-default","index,follow","","1","true","/assets/css/cluster-planning.css?v=20261004p72",""
"https://experienceecuador.com/tours/ecuador-enigmatic-reptiles-amphibians/","200","https://experienceecuador.com/tours/ecuador-enigmatic-reptiles-amphibians/","Ecuador Reptiles and Amphibians Route | 16-Day Framework","Research a safety-first 16-day Ecuador reptiles and amphibians route across cloud forest, Amazon lowlands and eastern Andes before confirming operators.","Follow Ecuador’s Herpetology Habitats by Elevation","https://experienceecuador.com/tours/ecuador-enigmatic-reptiles-amphibians/","en","en;es;x-default","index,follow","","1","true","/assets/css/cluster-planning.css?v=20261004p72",""
"https://experienceecuador.com/es/tours/reptiles-anfibios-ecuador/","200","https://experienceecuador.com/es/tours/reptiles-anfibios-ecuador/","Ruta de Reptiles y Anfibios en Ecuador | 16 Días","Investiga una ruta de 16 días para reptiles y anfibios entre bosque nublado, Amazonía baja y Andes orientales antes de confirmar operadores.","Sigue los Hábitats Herpetológicos por Elevación","https://experienceecuador.com/es/tours/reptiles-anfibios-ecuador/","es","en;es;x-default","index,follow","","1","true","/assets/css/cluster-planning.css?v=20261004p72",""
"https://experienceecuador.com/tours/ecuador-southern-endemic-birds/","200","https://experienceecuador.com/tours/ecuador-southern-endemic-birds/","Southern Ecuador Endemic Birds Route | 11-Day Framework","Research an 11-day southern Ecuador birding route through Churute, Buenaventura, Copalinga, Tapichalaca and Catamayo before commercial confirmation.","Follow Southern Ecuador’s Distinct Bird Habitats","https://experienceecuador.com/tours/ecuador-southern-endemic-birds/","en","en;es;x-default","index,follow","","1","true","/assets/css/cluster-planning.css?v=20261004p72",""
"https://experienceecuador.com/es/tours/aves-endemicas-sur-ecuador/","200","https://experienceecuador.com/es/tours/aves-endemicas-sur-ecuador/","Ruta de Aves Endémicas del Sur de Ecuador | 11 Días","Investiga 11 días de aviturismo por Churute, Buenaventura, Copalinga, Tapichalaca y Catamayo antes de confirmar la oferta comercial.","Recorre los Hábitats Distintivos del Sur de Ecuador","https://experienceecuador.com/es/tours/aves-endemicas-sur-ecuador/","es","en;es;x-default","index,follow","","1","true","/assets/css/cluster-planning.css?v=20261004p72",""
"https://experienceecuador.com/tours/ecuador-the-andes-and-amazon-exotic/","200","https://experienceecuador.com/tours/ecuador-the-andes-and-amazon-exotic/","Ecuador Andes and Amazon Wildlife Route | 14-Day Framework","Research a 14-day Ecuador Andes and Amazon wildlife route through Chocó cloud forest, rainforest lowlands, east slope and high Andes before booking.","Connect Ecuador’s Western and Eastern Wildlife Slopes","https://experienceecuador.com/tours/ecuador-the-andes-and-amazon-exotic/","en","en;es;x-default","index,follow","","1","true","/assets/css/cluster-planning.css?v=20261004p72",""
"https://experienceecuador.com/es/tours/andes-amazonia-exotica-ecuador/","200","https://experienceecuador.com/es/tours/andes-amazonia-exotica-ecuador/","Ruta de Fauna por Andes y Amazonía | Marco de 14 Días","Investiga una ruta de 14 días por Andes y Amazonía entre Chocó, selva baja, vertiente oriental y páramo antes de confirmar operadores y precios.","Conecta las Vertientes Occidental y Oriental de Ecuador","https://experienceecuador.com/es/tours/andes-amazonia-exotica-ecuador/","es","en;es;x-default","index,follow","","1","true","/assets/css/cluster-planning.css?v=20261004p72",""
"https://experienceecuador.com/tours/ecuador-wild-andes-bears-birds-explorer/","200","https://experienceecuador.com/tours/ecuador-wild-andes-bears-birds-explorer/","Andean Bears and Birds Route in Ecuador | 10-Day Framework","Research a responsible 10-day Ecuador Andean bears and birds route with tracker-led observation and Chocó birding before operators and access are confirmed.","Plan Bear Observation Around Ethics, Tracking, and Habitat","https://experienceecuador.com/tours/ecuador-wild-andes-bears-birds-explorer/","en","en;es;x-default","index,follow","","1","true","/assets/css/cluster-planning.css?v=20261004p72",""
"https://experienceecuador.com/es/tours/andes-salvajes-osos-aves-ecuador/","200","https://experienceecuador.com/es/tours/andes-salvajes-osos-aves-ecuador/","Ruta de Osos Andinos y Aves en Ecuador | Marco de 10 Días","Investiga una ruta responsable de 10 días para osos andinos y aves con rastreadores y aviturismo en el Chocó antes de confirmar acceso y operadores.","Planifica la Observación de Osos con Ética y Rastreo Local","https://experienceecuador.com/es/tours/andes-salvajes-osos-aves-ecuador/","es","en;es;x-default","index,follow","","1","true","/assets/css/cluster-planning.css?v=20261004p72",""
"https://experienceecuador.com/tours/galapagos-islands-wildlife-nature/","200","https://experienceecuador.com/tours/galapagos-islands-wildlife-nature/","Galápagos Wildlife and Nature Extension | 5-Day Framework","Research a responsible five-day, land-based Galápagos wildlife extension from Santa Cruz with authorized excursions and protected flight and transfer logistics.","Use Santa Cruz as a Short Wildlife Extension","https://experienceecuador.com/tours/galapagos-islands-wildlife-nature/","en","en;es;x-default","index,follow","","1","true","/assets/css/cluster-planning.css?v=20261004p72",""
"https://experienceecuador.com/es/tours/galapagos-fauna-naturaleza/","200","https://experienceecuador.com/es/tours/galapagos-fauna-naturaleza/","Fauna y Naturaleza en Galápagos | Extensión de 5 Días","Investiga una extensión responsable de cinco días en Galápagos con base en Santa Cruz, excursiones autorizadas y vuelos y traslados protegidos.","Usa Santa Cruz como una Extensión Corta de Fauna","https://experienceecuador.com/es/tours/galapagos-fauna-naturaleza/","es","en;es;x-default","index,follow","","1","true","/assets/css/cluster-planning.css?v=20261004p72",""
"https://experienceecuador.com/tours/galapagos-wildlife-bird-photography/","200","https://experienceecuador.com/tours/galapagos-wildlife-bird-photography/","Galápagos Wildlife Photography Circuit | 8-Day Framework","Research an eight-day, land-based Galápagos wildlife photography circuit across San Cristóbal, Isabela and Santa Cruz before operations are confirmed.","Plan Three Islands Around Access, Light, and Wildlife","https://experienceecuador.com/tours/galapagos-wildlife-bird-photography/","en","en;es;x-default","index,follow","","1","true","/assets/css/cluster-planning.css?v=20261004p72",""
"https://experienceecuador.com/es/tours/galapagos-fotografia-fauna-aves/","200","https://experienceecuador.com/es/tours/galapagos-fotografia-fauna-aves/","Fotografía de Fauna en Galápagos | Marco de 8 Días","Investiga un circuito terrestre de ocho días para fotografía de fauna en San Cristóbal, Isabela y Santa Cruz antes de confirmar operaciones y precios.","Planifica Tres Islas Según Acceso, Luz y Fauna","https://experienceecuador.com/es/tours/galapagos-fotografia-fauna-aves/","es","en;es;x-default","index,follow","","1","true","/assets/css/cluster-planning.css?v=20261004p72",""
"https://experienceecuador.com/plan-your-trip/","200","https://experienceecuador.com/plan-your-trip/","Plan Your Ecuador Trip | Personalized Regional Planning","Plan an Ecuador trip by comparing regions, timing, interests and practical needs before sharing a no-obligation planning profile.","Plan a Personalized Ecuador Trip","https://experienceecuador.com/plan-your-trip/","en","en;es;x-default","index,follow","","1","true","/assets/css/cluster-planning.css?v=20261004p72",""
"https://experienceecuador.com/es/planifica-tu-viaje/","200","https://experienceecuador.com/es/planifica-tu-viaje/","Planifica tu Viaje a Ecuador | Asesoría Personalizada","Planifica un viaje a Ecuador comparando regiones, tiempo, intereses y necesidades antes de enviar un perfil sin compromiso.","Planifica un Viaje Personalizado por Ecuador","https://experienceecuador.com/es/planifica-tu-viaje/","es","en;es;x-default","index,follow","","1","true","/assets/css/cluster-planning.css?v=20261004p72",""
"https://experienceecuador.com/plan-your-trip/amazon/","200","https://experienceecuador.com/plan-your-trip/amazon/","Plan an Ecuador Amazon Trip | Lodges & Wildlife","Share dates, group needs, wildlife interests, lodge comfort and budget context for a no-obligation Ecuador Amazon planning response.","Plan an Ecuador Amazon Experience","https://experienceecuador.com/plan-your-trip/amazon/","en","en;es;x-default","index,follow","","1","true","/assets/css/cluster-planning.css?v=20261004p72",""
"https://experienceecuador.com/es/planifica-tu-viaje/amazonia/","200","https://experienceecuador.com/es/planifica-tu-viaje/amazonia/","Planifica la Amazonía de Ecuador | Asesoría Privada","Comparte fechas, necesidades, fauna, comodidad y presupuesto para recibir una respuesta de planificación amazónica sin compromiso.","Planifica una Experiencia en la Amazonía Ecuatoriana","https://experienceecuador.com/es/planifica-tu-viaje/amazonia/","es","en;es;x-default","index,follow","","1","true","/assets/css/cluster-planning.css?v=20261004p72",""
"https://experienceecuador.com/plan-your-trip/andes/","200","https://experienceecuador.com/plan-your-trip/andes/","Plan Your Ecuador Andes Trip | Custom Highlands Advice","Share dates, pace, altitude comfort, interests, accommodation and budget context for a no-obligation Ecuador Andes planning response.","Plan an Ecuador Andes Experience","https://experienceecuador.com/plan-your-trip/andes/","en","en;es;x-default","index,follow","","1","true","/assets/css/cluster-planning.css?v=20261004p72",""
"https://experienceecuador.com/es/planifica-tu-viaje/andes/","200","https://experienceecuador.com/es/planifica-tu-viaje/andes/","Planifica los Andes de Ecuador | Asesoría Privada","Comparte fechas, ritmo, altura, intereses, alojamiento y presupuesto para recibir una respuesta de planificación andina sin compromiso.","Planifica una Experiencia en los Andes de Ecuador","https://experienceecuador.com/es/planifica-tu-viaje/andes/","es","en;es;x-default","index,follow","","1","true","/assets/css/cluster-planning.css?v=20261004p72",""
"https://experienceecuador.com/plan-your-trip/coast/","200","https://experienceecuador.com/plan-your-trip/coast/","Plan an Ecuador Coast Trip | Beaches & Wildlife","Share dates, coastal priorities, marine-wildlife interests, accommodation needs and budget context for a no-obligation Ecuador Coast planning response.","Plan an Ecuador Coast Experience","https://experienceecuador.com/plan-your-trip/coast/","en","en;es;x-default","index,follow","","1","true","/assets/css/cluster-planning.css?v=20261004p72",""
"https://experienceecuador.com/es/planifica-tu-viaje/costa/","200","https://experienceecuador.com/es/planifica-tu-viaje/costa/","Planifica la Costa de Ecuador | Playas y Fauna","Comparte fechas, prioridades costeras, fauna marina, alojamiento y presupuesto para recibir una respuesta de planificación sin compromiso.","Planifica una Experiencia en la Costa de Ecuador","https://experienceecuador.com/es/planifica-tu-viaje/costa/","es","en;es;x-default","index,follow","","1","true","/assets/css/cluster-planning.css?v=20261004p72",""
"https://experienceecuador.com/plan-your-trip/galapagos/","200","https://experienceecuador.com/plan-your-trip/galapagos/","Plan a Galápagos Trip | Cruise or Land-Based Advice","Share dates, cruise or land preferences, island priorities, water comfort and budget context for a no-obligation Galápagos planning response.","Plan a Galápagos Experience","https://experienceecuador.com/plan-your-trip/galapagos/","en","en;es;x-default","index,follow","","1","true","/assets/css/cluster-planning.css?v=20261004p72",""
"https://experienceecuador.com/es/planifica-tu-viaje/galapagos/","200","https://experienceecuador.com/es/planifica-tu-viaje/galapagos/","Planifica Galápagos | Crucero o Viaje por Tierra","Comparte fechas, preferencias de crucero o tierra, islas, comodidad en el agua y presupuesto para recibir una respuesta sin compromiso.","Planifica una Experiencia en Galápagos","https://experienceecuador.com/es/planifica-tu-viaje/galapagos/","es","en;es;x-default","index,follow","","1","true","/assets/css/cluster-planning.css?v=20261004p72",""
"https://experienceecuador.com/language-immersion-ecuador/","200","https://experienceecuador.com/language-immersion-ecuador/","Spanish Immersion in Ecuador | Travel Experience","Explore a curated Spanish immersion concept with language learning and cultural, nature, food, and sightseeing experiences in Quito and Mindo.","Learn Spanish in Ecuador. Then live it the same day.","https://experienceecuador.com/language-immersion-ecuador/","en","en;es;x-default","index,follow","","1","true","/assets/css/cluster-editorial.css?v=20261003j63",""
"https://experienceecuador.com/es/inmersion-espanol-ecuador/","200","https://experienceecuador.com/es/inmersion-espanol-ecuador/","Inmersión en Español en Ecuador | Cultura y Naturaleza","Conoce el concepto piloto de inmersión en español en Ecuador: aprendizaje práctico, cultura, gastronomía y naturaleza en Quito, Mindo y el Chocó Andino.","Aprende español en Ecuador. Úsalo el mismo día.","https://experienceecuador.com/es/inmersion-espanol-ecuador/","es","en;es;x-default","index,follow","","1","true","/assets/css/cluster-editorial.css?v=20261003j63",""
"https://experienceecuador.com/spectacled-bear-ecuador-guide/","200","https://experienceecuador.com/spectacled-bear-ecuador-guide/","Spectacled Bear Ecuador Guide | Habitat & Ethical Viewing","Plan responsible spectacled bear research in Ecuador: habitat, range, conservation, regional context, ethical viewing and specialist selection.","Spectacled Bear Ecuador Guide","https://experienceecuador.com/spectacled-bear-ecuador-guide/","en","en;es;x-default","index,follow","","1","true","/assets/css/cluster-editorial.css?v=20261003j63",""
"https://experienceecuador.com/es/guia-oso-de-anteojos-ecuador/","200","https://experienceecuador.com/es/guia-oso-de-anteojos-ecuador/","Guía del Oso de Anteojos en Ecuador | Hábitat y Conservación","Conoce al oso de anteojos en Ecuador: hábitat, distribución, conservación, diferencias regionales, observación ética y elección de especialistas.","Guía del Oso de Anteojos en Ecuador","https://experienceecuador.com/es/guia-oso-de-anteojos-ecuador/","es","en;es;x-default","index,follow","","1","true","/assets/css/cluster-editorial.css?v=20261003j63",""
